model,period,n,frauds,prevalence,average_precision,roc_auc,precision,recall,alert_rate,precision_at_daily_budget,recall_at_daily_budget,settled_fraud_value_capture,brier_score,seed,scenario
logistic,all_test,8438,115,0.013628821995733587,0.12801805423459942,0.8209748784144514,0.07713884992987377,0.4782608695652174,0.08449869637354823,0.11428571428571428,0.2782608695652174,0.3891668543023417,0.034446040968909984,11,full
logistic,pre_shift,1408,29,0.020596590909090908,0.5358976016441493,0.9714185691780651,0.328125,0.7241379310344828,0.045454545454545456,0.2765957446808511,0.4482758620689655,0.5121179860534487,0.016083640696360094,11,full
logistic,post_shift,7030,86,0.012233285917496443,0.09548649857349382,0.7674552566713106,0.05238828967642527,0.3953488372093023,0.09231863442389758,0.0815450643776824,0.22093023255813954,0.30162807290653176,0.038123745034877296,11,full
boosting,all_test,8438,115,0.013628821995733587,0.15719310739716577,0.7955931441944533,0.13793103448275862,0.3826086956521739,0.03780516710120882,0.1357142857142857,0.33043478260869563,0.4461157250242483,0.014839886800787514,11,full
boosting,pre_shift,1408,29,0.020596590909090908,0.43129129288491913,0.9569153059438373,0.38636363636363635,0.5862068965517241,0.03125,0.32608695652173914,0.5172413793103449,0.5623052675691926,0.014931371636560413,11,full
boosting,post_shift,7030,86,0.012233285917496443,0.1155487862378661,0.7391273041474654,0.09818181818181818,0.313953488372093,0.03911806543385491,0.09829059829059829,0.26744186046511625,0.3633910618148797,0.014821563806652628,11,full
boosting_static,all_test,8438,115,0.013628821995733587,0.190362271726114,0.8286497866049554,0.15942028985507245,0.3826086956521739,0.032709172789760606,0.14285714285714285,0.34782608695652173,0.45453659761673826,0.012439345076444888,11,full
boosting_static,pre_shift,1408,29,0.020596590909090908,0.6006483556989858,0.9824085419219325,0.4782608695652174,0.7586206896551724,0.032670454545454544,0.35294117647058826,0.6206896551724138,0.6654337408669351,0.012510460385156325,11,full
boosting_static,post_shift,7030,86,0.012233285917496443,0.11129725434997963,0.7732934907834101,0.09565217391304348,0.2558139534883721,0.032716927453769556,0.09606986899563319,0.2558139534883721,0.304381990196351,0.01242510178275133,11,full
boosting_no_network,all_test,8438,115,0.013628821995733587,0.18464402903680202,0.8133955670248498,0.14414414414414414,0.41739130434782606,0.03946432803981986,0.14642857142857144,0.3565217391304348,0.5008086375917972,0.012980820267812792,11,full
boosting_no_network,pre_shift,1408,29,0.020596590909090908,0.612201387689636,0.9749693681078242,0.44680851063829785,0.7241379310344828,0.033380681818181816,0.375,0.6206896551724138,0.7041056168837084,0.012852245699945636,11,full
boosting_no_network,post_shift,7030,86,0.012233285917496443,0.11347627676635423,0.7536169756724895,0.0944055944055944,0.313953488372093,0.040682788051209104,0.09913793103448276,0.26744186046511625,0.3560651970459326,0.013006571760210655,11,full
isolation_forest,all_test,8438,115,0.013628821995733587,0.05800069373133702,0.7353995476129531,0.05582137161084529,0.30434782608695654,0.07430670775065182,0.08571428571428572,0.20869565217391303,0.23844416828322018,,11,full
isolation_forest,pre_shift,1408,29,0.020596590909090908,0.20849232493826408,0.8741716886299418,0.1864406779661017,0.3793103448275862,0.04190340909090909,0.1568627450980392,0.27586206896551724,0.38070857226151217,,11,full
isolation_forest,post_shift,7030,86,0.012233285917496443,0.04775954874735225,0.6961974868717179,0.04225352112676056,0.27906976744186046,0.08079658605974395,0.06986899563318777,0.18604651162790697,0.13715471789026956,,11,full
behaviour_rule,all_test,8438,115,0.013628821995733587,0.19761346957791684,0.8060732699852163,0.1284153005464481,0.40869565217391307,0.04337520739511733,0.14285714285714285,0.34782608695652173,0.5665962311209644,,11,full
behaviour_rule,pre_shift,1408,29,0.020596590909090908,0.5588034190726799,0.9751944187442174,0.3958333333333333,0.6551724137931034,0.03409090909090909,0.3333333333333333,0.6206896551724138,0.7794529141212085,,11,full
behaviour_rule,post_shift,7030,86,0.012233285917496443,0.1273060178414074,0.7432483120780194,0.0880503144654088,0.32558139534883723,0.04523470839260313,0.09734513274336283,0.2558139534883721,0.41504647003771344,,11,full
logistic,all_test,8706,115,0.013209280955662761,0.09350986643226655,0.7664127777805894,0.08904109589041095,0.3391304347826087,0.05031013094417643,0.11428571428571428,0.2782608695652174,0.3479037656346827,0.016959816420007417,22,full
logistic,pre_shift,1504,11,0.007313829787234043,0.31987883481372154,0.9634049808195824,0.14285714285714285,0.7272727272727273,0.03723404255319149,0.12727272727272726,0.6363636363636364,0.7046058171924596,0.008241537336269901,22,full
logistic,post_shift,7202,104,0.01444043321299639,0.07739927194659595,0.7395365975247632,0.08115183246073299,0.2980769230769231,0.05304082199389058,0.1111111111111111,0.2403846153846154,0.31205433655656883,0.01878046231586152,22,full
boosting,all_test,8706,115,0.013209280955662761,0.04721723120608871,0.7107149544771323,0.06388888888888888,0.2,0.04135079255685734,0.07142857142857142,0.17391304347826086,0.23395859739314728,0.015037599163702316,22,full
boosting,pre_shift,1504,11,0.007313829787234043,0.25957755431473023,0.9690068805942885,0.13333333333333333,0.5454545454545454,0.02992021276595745,0.11538461538461539,0.5454545454545454,0.5876627583079614,0.006796890298760856,22,full
boosting,post_shift,7202,104,0.01444043321299639,0.03565625729919917,0.6778107863536857,0.05396825396825397,0.16346153846153846,0.04373785059705637,0.06140350877192982,0.1346153846153846,0.19841046366088155,0.01675851365035491,22,full
boosting_static,all_test,8706,115,0.013209280955662761,0.11239155423740706,0.7380757415495489,0.1223021582733813,0.2956521739130435,0.0319320009189065,0.10714285714285714,0.2608695652173913,0.3091159979945011,0.01301309005219471,22,full
boosting_static,pre_shift,1504,11,0.007313829787234043,0.2900284209930436,0.9195031358460696,0.17073170731707318,0.6363636363636364,0.02726063829787234,0.1111111111111111,0.5454545454545454,0.6035013279782341,0.006620355841067101,22,full
boosting_static,post_shift,7202,104,0.01444043321299639,0.09915870110155807,0.714519393328565,0.11392405063291139,0.25961538461538464,0.03290752568730908,0.10619469026548672,0.23076923076923078,0.279529551931744,0.014348090365098893,22,full
boosting_no_network,all_test,8706,115,0.013209280955662761,0.08752408610395963,0.7296948778549848,0.09215017064846416,0.23478260869565218,0.033654950608775554,0.08928571428571429,0.21739130434782608,0.3111865720315733,0.013070253279706404,22,full
boosting_no_network,pre_shift,1504,11,0.007313829787234043,0.36967751976026303,0.9583510929793582,0.13333333333333333,0.5454545454545454,0.02992021276595745,0.09090909090909091,0.45454545454545453,0.5832739521927836,0.005961142539480805,22,full
boosting_no_network,post_shift,7202,104,0.01444043321299639,0.07111659181038765,0.7003049342176562,0.0846774193548387,0.20192307692307693,0.03443487920022216,0.08888888888888889,0.19230769230769232,0.28384112449197824,0.014554855133816276,22,full
isolation_forest,all_test,8706,115,0.013209280955662761,0.02466288343279047,0.6644668586437779,0.03665987780040733,0.1565217391304348,0.056397886515047096,0.04285714285714286,0.10434782608695652,0.05005464836476416,,22,full
isolation_forest,pre_shift,1504,11,0.007313829787234043,0.0395487380137417,0.8344395055714546,0.06521739130434782,0.2727272727272727,0.030585106382978722,0.07692307692307693,0.36363636363636365,0.4377631664183455,,22,full
isolation_forest,post_shift,7202,104,0.01444043321299639,0.02427056488991574,0.6397603875414527,0.033707865168539325,0.14423076923076922,0.06178839211330186,0.03508771929824561,0.07692307692307693,0.01108899352694448,,22,full
behaviour_rule,all_test,8706,115,0.013209280955662761,0.12138915061848142,0.7425779253313629,0.11246200607902736,0.3217391304347826,0.03779002986446129,0.125,0.30434782608695654,0.3940982724017624,,22,full
behaviour_rule,pre_shift,1504,11,0.007313829787234043,0.36187760369134064,0.9453814771966145,0.1836734693877551,0.8181818181818182,0.032579787234042555,0.14814814814814814,0.7272727272727273,0.9080617995724558,,22,full
behaviour_rule,post_shift,7202,104,0.01444043321299639,0.09903516312632363,0.7150294232394824,0.1,0.2692307692307692,0.03887808941960567,0.11946902654867257,0.25961538461538464,0.34244368018515836,,22,full
logistic,all_test,8134,126,0.01549053356282272,0.249021553601613,0.8392817499960356,0.17378048780487804,0.4523809523809524,0.0403245635603639,0.18214285714285713,0.40476190476190477,0.5319120348385624,0.014627756768361212,33,full
logistic,pre_shift,1315,29,0.022053231939163497,0.8534419693408073,0.9946103930927227,0.54,0.9310344827586207,0.03802281368821293,0.48214285714285715,0.9310344827586207,0.9528427249601905,0.007379679648614355,33,full
logistic,post_shift,6819,97,0.014224959671506086,0.08246931261175817,0.7847259498737797,0.1079136690647482,0.30927835051546393,0.04076844112039889,0.10714285714285714,0.24742268041237114,0.23689256560565386,0.016025501512820388,33,full
boosting,all_test,8134,126,0.01549053356282272,0.2172460330211687,0.8192164977879264,0.13349514563106796,0.4365079365079365,0.05065158593557905,0.16785714285714284,0.373015873015873,0.4599148546123179,0.016822677150797067,33,full
boosting,pre_shift,1315,29,0.022053231939163497,0.8053974926259215,0.9931088110688047,0.5,0.896551724137931,0.03954372623574144,0.49056603773584906,0.896551724137931,0.887099475831757,0.009136205484800581,33,full
boosting,post_shift,6819,97,0.014224959671506086,0.06710885725974539,0.7576399390215848,0.08055555555555556,0.29896907216494845,0.05279366476022877,0.09251101321585903,0.21649484536082475,0.16051216629751666,0.018304963445090274,33,full
boosting_static,all_test,8134,126,0.01549053356282272,0.13860932519519636,0.8347005177362321,0.16600790513833993,0.3333333333333333,0.031104007868207523,0.16071428571428573,0.35714285714285715,0.5341511045340931,0.014756783227816078,33,full
boosting_static,pre_shift,1315,29,0.022053231939163497,0.6070849279862263,0.9743390357698289,0.5526315789473685,0.7241379310344828,0.028897338403041824,0.42857142857142855,0.8275862068965517,0.9008614047351576,0.01441887487532479,33,full
boosting_static,post_shift,6819,97,0.014224959671506086,0.07482717483517945,0.7903023461966707,0.09767441860465116,0.21649484536082475,0.03152954978735885,0.09375,0.21649484536082475,0.2771333088102934,0.014821946665787341,33,full
boosting_no_network,all_test,8134,126,0.01549053356282272,0.19362661658058247,0.8319542560613988,0.16723549488054607,0.3888888888888889,0.03602163757069093,0.17857142857142858,0.3968253968253968,0.491940085329446,0.013808925856658648,33,full
boosting_no_network,pre_shift,1315,29,0.022053231939163497,0.8078572628005131,0.9946103930927228,0.5306122448979592,0.896551724137931,0.037262357414448666,0.4827586206896552,0.9655172413793104,0.9008614047351576,0.010234730666790483,33,full
boosting_no_network,post_shift,6819,97,0.014224959671506086,0.07078123069158872,0.7762632009987209,0.0942622950819672,0.23711340206185566,0.03578237278193284,0.0990990990990991,0.2268041237113402,0.20533767443316558,0.014498186257696428,33,full
isolation_forest,all_test,8134,126,0.01549053356282272,0.08424418930164866,0.7971889221889221,0.0938337801608579,0.2777777777777778,0.045856896975657736,0.12857142857142856,0.2857142857142857,0.3357960339109084,,33,full
isolation_forest,pre_shift,1315,29,0.022053231939163497,0.4598237453238674,0.9547112136000429,0.40476190476190477,0.5862068965517241,0.03193916349809886,0.39622641509433965,0.7241379310344828,0.7189033337278926,,33,full
isolation_forest,post_shift,6819,97,0.014224959671506086,0.05162152453701811,0.7482293868111173,0.054380664652567974,0.18556701030927836,0.04854084176565479,0.06607929515418502,0.15463917525773196,0.06728600386629204,,33,full
behaviour_rule,all_test,8134,126,0.01549053356282272,0.17417002311900232,0.8268358625501483,0.16778523489932887,0.3968253968253968,0.03663634128350135,0.16428571428571428,0.36507936507936506,0.5339596838613967,,33,full
behaviour_rule,pre_shift,1315,29,0.022053231939163497,0.8150391367244192,0.990775996138789,0.52,0.896551724137931,0.03802281368821293,0.49056603773584906,0.896551724137931,0.9528427249601905,,33,full
behaviour_rule,post_shift,6819,97,0.014224959671506086,0.061493412564927276,0.7720287592364816,0.0967741935483871,0.24742268041237114,0.03636896905704649,0.0881057268722467,0.20618556701030927,0.24037535904078391,,33,full
logistic,all_test,8517,230,0.027004813901608547,0.1995191424306174,0.7712582830100577,0.19825072886297376,0.2956521739130435,0.04027239638370318,0.225,0.27391304347826084,0.4461836706798206,0.024944585336789275,44,full
logistic,pre_shift,1546,25,0.016170763260025874,0.6771764158321101,0.9821433267587113,0.3392857142857143,0.76,0.03622250970245795,0.3584905660377358,0.76,0.9017558905027692,0.008315269721336706,44,full
logistic,post_shift,6971,205,0.029407545545832737,0.14751504348715222,0.7392493313050187,0.17073170731707318,0.23902439024390243,0.04117056376416583,0.19383259911894274,0.2146341463414634,0.2499460637394669,0.02863256725351423,44,full
boosting,all_test,8517,230,0.027004813901608547,0.15646251615584866,0.7324993048305098,0.19682539682539682,0.26956521739130435,0.03698485382176823,0.225,0.27391304347826084,0.424101922104747,0.025112642608906232,44,full
boosting,pre_shift,1546,25,0.016170763260025874,0.47128266377286454,0.9218145956607495,0.3,0.6,0.03234152652005175,0.2830188679245283,0.6,0.7788687784435885,0.011062485459938461,44,full
boosting,post_shift,6971,205,0.029407545545832737,0.12506333647751644,0.7051282236144857,0.17735849056603772,0.22926829268292684,0.03801463204705207,0.21145374449339208,0.23414634146341465,0.27128619743930815,0.028228629261080124,44,full
boosting_static,all_test,8517,230,0.027004813901608547,0.1442126976637892,0.7271200046169748,0.17391304347826086,0.2782608695652174,0.04320770224257368,0.19642857142857142,0.2391304347826087,0.41230871705637434,0.02534640693908265,44,full
boosting_static,pre_shift,1546,25,0.016170763260025874,0.4661374935627234,0.9347797501643655,0.22535211267605634,0.64,0.04592496765847348,0.2727272727272727,0.6,0.7505143717817983,0.011459099030920067,44,full
boosting_static,post_shift,6971,205,0.029407545545832737,0.11632083445265215,0.6980840356733453,0.16161616161616163,0.23414634146341465,0.04260507818103572,0.17777777777777778,0.1951219512195122,0.2666267253782911,0.02842627754961476,44,full
boosting_no_network,all_test,8517,230,0.027004813901608547,0.1574134159218345,0.7338146179715741,0.20846905537459284,0.2782608695652174,0.036045555946929674,0.21428571428571427,0.2608695652173913,0.42725769742309083,0.024932199356035765,44,full
boosting_no_network,pre_shift,1546,25,0.016170763260025874,0.5113877989006219,0.945180802103879,0.37209302325581395,0.64,0.0278137128072445,0.28846153846153844,0.6,0.7155911401937858,0.011178909852380353,44,full
boosting_no_network,post_shift,6971,205,0.029407545545832737,0.1240174588166303,0.7026672097935878,0.18181818181818182,0.23414634146341465,0.03787118060536508,0.19736842105263158,0.21951219512195122,0.3030581471691612,0.02798234791042556,44,full
isolation_forest,all_test,8517,230,0.027004813901608547,0.07190197886701026,0.69908080230429,0.10570824524312897,0.21739130434782608,0.05553598684982975,0.1392857142857143,0.16956521739130434,0.09275853165864253,,44,full
isolation_forest,pre_shift,1546,25,0.016170763260025874,0.06505457021230306,0.8081525312294544,0.07547169811320754,0.16,0.03428201811125485,0.09615384615384616,0.2,0.1439952724639039,,44,full
isolation_forest,post_shift,6971,205,0.029407545545832737,0.0739653274983032,0.6821741418714807,0.10952380952380952,0.22439024390243903,0.06024960550853536,0.14912280701754385,0.16585365853658537,0.07068831981175858,,44,full
behaviour_rule,all_test,8517,230,0.027004813901608547,0.14975002284011027,0.7151536455737378,0.19543973941368079,0.2608695652173913,0.036045555946929674,0.18928571428571428,0.23043478260869565,0.4152453563780508,,44,full
behaviour_rule,pre_shift,1546,25,0.016170763260025874,0.5541915077017749,0.9629717291255754,0.3541666666666667,0.68,0.031047865459249677,0.29411764705882354,0.6,0.8291997420033654,,44,full
behaviour_rule,post_shift,6971,205,0.029407545545832737,0.10614360524575442,0.6752557623122787,0.16602316602316602,0.2097560975609756,0.03715392339693014,0.16593886462882096,0.18536585365853658,0.23693461993949827,,44,full
logistic,all_test,8662,111,0.012814592472870007,0.13306826122207394,0.7326586322025451,0.10422535211267606,0.3333333333333333,0.040983606557377046,0.11785714285714285,0.2972972972972973,0.337352336563693,0.015059184903313816,55,full
logistic,pre_shift,1359,20,0.014716703458425313,0.7478945719678479,0.9564227035100821,0.3829787234042553,0.9,0.034584253127299486,0.32727272727272727,0.9,0.9627383113295828,0.007125219443886244,55,full
logistic,post_shift,7303,91,0.01246063261673285,0.04249514448620838,0.6740536224729238,0.06168831168831169,0.2087912087912088,0.04217444885663426,0.06666666666666667,0.16483516483516483,0.171049357361931,0.016535599946359426,55,full
boosting,all_test,8662,111,0.012814592472870007,0.09085625996620829,0.657096109090028,0.10508474576271186,0.27927927927927926,0.03405679981528515,0.10714285714285714,0.2702702702702703,0.3739165032540427,0.013635691892843645,55,full
boosting,pre_shift,1359,20,0.014716703458425313,0.6583783095055217,0.9724421209858103,0.35555555555555557,0.8,0.033112582781456956,0.2727272727272727,0.75,0.9627383113295828,0.008163392811776683,55,full
boosting,post_shift,7303,91,0.01246063261673285,0.02926288845615064,0.5801792494804141,0.06,0.16483516483516483,0.03423250718882651,0.06666666666666667,0.16483516483516483,0.21733668718351537,0.014654020586691378,55,full
boosting_static,all_test,8662,111,0.012814592472870007,0.08009652477088541,0.7092869386753142,0.1391304347826087,0.2882882882882883,0.02655275917801893,0.11428571428571428,0.2882882882882883,0.38200661229052396,0.01280724774398874,55,full
boosting_static,pre_shift,1359,20,0.014716703458425313,0.5243611799706327,0.9286594473487677,0.37209302325581395,0.8,0.03164091243561442,0.2777777777777778,0.75,0.9627383113295828,0.009886258087078421,55,full
boosting_static,post_shift,7303,91,0.01246063261673285,0.03689692714703063,0.6565652179212912,0.0855614973262032,0.17582417582417584,0.02560591537724223,0.0752212389380531,0.18681318681318682,0.2275781224235265,0.013350808601682992,55,full
boosting_no_network,all_test,8662,111,0.012814592472870007,0.09745271320560543,0.6870135835753892,0.12757201646090535,0.27927927927927926,0.028053567305472177,0.11071428571428571,0.27927927927927926,0.3773600098521234,0.012687477858403873,55,full
boosting_no_network,pre_shift,1359,20,0.014716703458425313,0.6172735706672625,0.9651979088872292,0.38095238095238093,0.8,0.03090507726269316,0.26785714285714285,0.75,0.9627383113295828,0.008584243059570318,55,full
boosting_no_network,post_shift,7303,91,0.01246063261673285,0.036383825836804454,0.6212318602085657,0.07462686567164178,0.16483516483516483,0.027522935779816515,0.07142857142857142,0.17582417582417584,0.22169589293263017,0.01345104024257679,55,full
isolation_forest,all_test,8662,111,0.012814592472870007,0.06777067311265281,0.7311467706743113,0.05928853754940711,0.2702702702702703,0.058416070191641654,0.08571428571428572,0.21621621621621623,0.19549833745417342,,55,full
isolation_forest,pre_shift,1359,20,0.014716703458425313,0.6471054326576965,0.9647124719940254,0.3404255319148936,0.8,0.034584253127299486,0.3333333333333333,0.85,0.8433768898609874,,55,full
isolation_forest,post_shift,7303,91,0.01246063261673285,0.02599446481147215,0.6742547524577475,0.030501089324618737,0.15384615384615385,0.06285088319868547,0.03056768558951965,0.07692307692307693,0.023214119749240737,,55,full
behaviour_rule,all_test,8662,111,0.012814592472870007,0.10366004744108873,0.6821772070281018,0.11627906976744186,0.3153153153153153,0.03474948048949434,0.11071428571428571,0.27927927927927926,0.3213426360114057,,55,full
behaviour_rule,pre_shift,1359,20,0.014716703458425313,0.6736317972881684,0.9637042569081403,0.3333333333333333,0.9,0.039735099337748346,0.2909090909090909,0.8,0.9288025525102315,,55,full
behaviour_rule,post_shift,7303,91,0.01246063261673285,0.033394969476838454,0.6154912752250523,0.06882591093117409,0.18681318681318682,0.03382171710256059,0.06666666666666667,0.16483516483516483,0.15980656399248083,,55,full
logistic,all_test,5477,103,0.018805915647252144,0.2574140082540937,0.8296869862444493,0.11214953271028037,0.5825242718446602,0.09768121234252328,0.14642857142857144,0.39805825242718446,0.46119148007219246,0.02305222463501591,11,no_excitation
logistic,pre_shift,996,32,0.0321285140562249,0.7963776420930531,0.9875194502074689,0.42857142857142855,0.9375,0.07028112449799197,0.4528301886792453,0.75,0.7311884043220871,0.012405594580420481,11,no_excitation
logistic,post_shift,4481,71,0.015844677527337647,0.10352549268891159,0.7496375075851938,0.06451612903225806,0.4225352112676056,0.1037714795804508,0.07488986784140969,0.23943661971830985,0.34586709945261757,0.0254186704137209,11,no_excitation
boosting,all_test,5477,103,0.018805915647252144,0.2781777217894379,0.7858766227900607,0.11805555555555555,0.49514563106796117,0.07887529669527113,0.1357142857142857,0.36893203883495146,0.40751801638291446,0.018217563661642476,11,no_excitation
boosting,pre_shift,996,32,0.0321285140562249,0.7654669470932502,0.9760438278008299,0.42424242424242425,0.875,0.06626506024096386,0.4339622641509434,0.71875,0.7129026512645666,0.01475169335744851,11,no_excitation
boosting,post_shift,4481,71,0.015844677527337647,0.08959731315705657,0.6944875602823288,0.06284153005464481,0.323943661971831,0.08167819683106449,0.06607929515418502,0.2112676056338028,0.27707840501954417,0.01898792894237829,11,no_excitation
boosting_static,all_test,5477,103,0.018805915647252144,0.2559824025013679,0.7664085618999787,0.13988095238095238,0.4563106796116505,0.06134745298521088,0.125,0.33980582524271846,0.3831556021495277,0.016675278435794978,11,no_excitation
boosting_static,pre_shift,996,32,0.0321285140562249,0.6181365300254518,0.9651192946058091,0.3880597014925373,0.8125,0.06726907630522089,0.3076923076923077,0.5,0.39003528234356183,0.01978686727692928,11,no_excitation
boosting_static,post_shift,4481,71,0.015844677527337647,0.11978787643437565,0.6747916067835585,0.07806691449814127,0.29577464788732394,0.060031243026110244,0.08333333333333333,0.2676056338028169,0.3802170692034879,0.015983659938635913,11,no_excitation
boosting_no_network,all_test,5477,103,0.018805915647252144,0.2694923912279528,0.7702503242870201,0.13259668508287292,0.46601941747572817,0.0660945773233522,0.15,0.4077669902912621,0.45316248124747743,0.01631098785285372,11,no_excitation
boosting_no_network,pre_shift,996,32,0.0321285140562249,0.7459150124057357,0.9678099066390041,0.417910447761194,0.875,0.06726907630522089,0.4230769230769231,0.6875,0.6428426034298509,0.01564159669168852,11,no_excitation
boosting_no_network,post_shift,4481,71,0.015844677527337647,0.09717327499943516,0.6769585768579731,0.06779661016949153,0.28169014084507044,0.06583351930372684,0.08771929824561403,0.28169014084507044,0.3721439931024739,0.016459774640740474,11,no_excitation
isolation_forest,all_test,5477,103,0.018805915647252144,0.1429567976317934,0.7535635439964445,0.06976744186046512,0.3786407766990291,0.10206317327003835,0.11071428571428571,0.30097087378640774,0.25595828880534693,,11,no_excitation
isolation_forest,pre_shift,996,32,0.0321285140562249,0.583554322374713,0.9313083506224067,0.2558139534883721,0.6875,0.08634538152610442,0.3103448275862069,0.5625,0.29910691567859143,,11,no_excitation
isolation_forest,post_shift,4481,71,0.015844677527337647,0.04346726611865534,0.6703522723643447,0.035940803382663845,0.23943661971830985,0.10555679535817898,0.05855855855855856,0.18309859154929578,0.23752812082263142,,11,no_excitation
behaviour_rule,all_test,5477,103,0.018805915647252144,0.16351301837874874,0.7697200833932527,0.11374407582938388,0.46601941747572817,0.07704947964213986,0.1392857142857143,0.3786407766990291,0.5264984883753399,,11,no_excitation
behaviour_rule,pre_shift,996,32,0.0321285140562249,0.5730032883272852,0.9600946576763486,0.4090909090909091,0.84375,0.06626506024096386,0.39285714285714285,0.6875,0.7960281919495191,,11,no_excitation
behaviour_rule,post_shift,4481,71,0.015844677527337647,0.06725885680181075,0.6792916227523873,0.05898876404494382,0.29577464788732394,0.07944655210890426,0.07589285714285714,0.23943661971830985,0.41137367275151154,,11,no_excitation
logistic,all_test,5591,73,0.013056698265068861,0.061274662543457155,0.7398700144483559,0.05339105339105339,0.5068493150684932,0.12394920407798247,0.06428571428571428,0.2465753424657534,0.29644168534406146,0.03420399572720051,22,no_excitation
logistic,pre_shift,956,8,0.008368200836820083,0.2417331343801932,0.8110495780590717,0.0851063829787234,0.5,0.049163179916317995,0.07142857142857142,0.5,0.6895056041762628,0.012100412772750297,22,no_excitation
logistic,post_shift,4635,65,0.014023732470334413,0.057640334121901365,0.72534253492678,0.05108359133126935,0.5076923076923077,0.13937432578209277,0.0625,0.2153846153846154,0.27291690597073215,0.03876300873787029,22,no_excitation
boosting,all_test,5591,73,0.013056698265068861,0.07426945243649116,0.7269335226680304,0.05952380952380952,0.410958904109589,0.09014487569307816,0.08928571428571429,0.3424657534246575,0.4984198273731852,0.01597937737325047,22,no_excitation
boosting,pre_shift,956,8,0.008368200836820083,0.10465597087054328,0.7964135021097046,0.0625,0.375,0.0502092050209205,0.05454545454545454,0.375,0.6593351758022417,0.010014391325369118,22,no_excitation
boosting,post_shift,4635,65,0.014023732470334413,0.07371223022659758,0.7141491331425687,0.05921052631578947,0.4153846153846154,0.09838187702265372,0.09777777777777778,0.3384615384615385,0.48878908313997566,0.0172096959626301,22,no_excitation
boosting_static,all_test,5591,73,0.013056698265068861,0.05620654393673911,0.6583050738057763,0.07119741100323625,0.3013698630136986,0.055267394026113394,0.07857142857142857,0.3013698630136986,0.44730807080213814,0.014075651065964421,22,no_excitation
boosting_static,pre_shift,956,8,0.008368200836820083,0.05533253158227468,0.5571598101265822,0.030303030303030304,0.125,0.034518828451882845,0.05357142857142857,0.375,0.6593351758022417,0.008857033900990928,22,no_excitation
boosting_static,post_shift,4635,65,0.014023732470334413,0.058465455292509655,0.6673388318464906,0.07608695652173914,0.3230769230769231,0.05954692556634304,0.08482142857142858,0.2923076923076923,0.43461830044338257,0.015152026041091641,22,no_excitation
boosting_no_network,all_test,5591,73,0.013056698265068861,0.06860478730477486,0.7231762053950459,0.08024691358024691,0.3561643835616438,0.05795027723126453,0.08928571428571429,0.3424657534246575,0.5587850228247158,0.013852529836594837,22,no_excitation
boosting_no_network,pre_shift,956,8,0.008368200836820083,0.17229086506103833,0.6743143459915613,0.08108108108108109,0.375,0.038702928870292884,0.05454545454545454,0.375,0.6593351758022417,0.008671542059878832,22,no_excitation
boosting_no_network,post_shift,4635,65,0.014023732470334413,0.0694165373417432,0.7268860461201818,0.08013937282229965,0.35384615384615387,0.06192017259978425,0.09777777777777778,0.3384615384615385,0.5527671207700613,0.014921143496689878,22,no_excitation
isolation_forest,all_test,5591,73,0.013056698265068861,0.026962005045581088,0.6948939212639084,0.03716814159292035,0.2876712328767123,0.10105526739402611,0.03214285714285714,0.1232876712328767,0.13362321228069415,,22,no_excitation
isolation_forest,pre_shift,956,8,0.008368200836820083,0.025221267777323954,0.7009493670886077,0.02531645569620253,0.25,0.08263598326359832,0.01818181818181818,0.125,0.35076001842468907,,22,no_excitation
isolation_forest,post_shift,4635,65,0.014023732470334413,0.028189224771210455,0.6900622790775963,0.03909465020576132,0.2923076923076923,0.10485436893203884,0.035555555555555556,0.12307692307692308,0.12062762755863907,,22,no_excitation
behaviour_rule,all_test,5591,73,0.013056698265068861,0.06231422060880513,0.7204317625504575,0.07453416149068323,0.3287671232876712,0.05759255947057772,0.07857142857142857,0.3013698630136986,0.39104178678724244,,22,no_excitation
behaviour_rule,pre_shift,956,8,0.008368200836820083,0.14321722890932556,0.7412974683544303,0.08108108108108109,0.375,0.038702928870292884,0.05357142857142857,0.375,0.6593351758022417,,22,no_excitation
behaviour_rule,post_shift,4635,65,0.014023732470334413,0.05796409084117185,0.7149974751725298,0.07368421052631578,0.3230769230769231,0.061488673139158574,0.08482142857142858,0.2923076923076923,0.3749844930965563,,22,no_excitation
logistic,all_test,5470,74,0.013528336380255941,0.18141807382323305,0.8006506320998538,0.11196911196911197,0.3918918918918919,0.047349177330895796,0.11071428571428571,0.4189189189189189,0.5847286211933925,0.012788947448506297,33,no_excitation
logistic,pre_shift,962,20,0.02079002079002079,0.5830268927998132,0.9630573248407643,0.35294117647058826,0.9,0.05301455301455302,0.32727272727272727,0.9,0.9767144195539056,0.01324921343896121,33,no_excitation
logistic,post_shift,4508,54,0.011978704525288377,0.06201863206077417,0.7379218014601939,0.052884615384615384,0.2037037037037037,0.04614019520851819,0.057777777777777775,0.24074074074074073,0.3488290835166406,0.012690727421261924,33,no_excitation
boosting,all_test,5470,74,0.013528336380255941,0.21440312399522915,0.7724640875122712,0.1048951048951049,0.40540540540540543,0.05228519195612431,0.10714285714285714,0.40540540540540543,0.5094557881586166,0.012073633115441006,33,no_excitation
boosting,pre_shift,962,20,0.02079002079002079,0.576023962132147,0.9465498938428876,0.3488372093023256,0.75,0.0446985446985447,0.29411764705882354,0.75,0.8853534842600208,0.013255256500844349,33,no_excitation
boosting,post_shift,4508,54,0.011978704525288377,0.11370755040250538,0.7050009147000614,0.06172839506172839,0.2777777777777778,0.053904170363797695,0.06550218340611354,0.2777777777777778,0.2832381723802944,0.011821476572238252,33,no_excitation
boosting_static,all_test,5470,74,0.013528336380255941,0.13196002043765892,0.7521186865145353,0.08960573476702509,0.33783783783783783,0.0510054844606947,0.08928571428571429,0.33783783783783783,0.5190487364740255,0.013072112324575664,33,no_excitation
boosting_static,pre_shift,962,20,0.02079002079002079,0.45768503690800044,0.9180997876857749,0.3191489361702128,0.75,0.04885654885654886,0.2830188679245283,0.75,0.9530945542355213,0.014893793619616116,33,no_excitation
boosting_static,post_shift,4508,54,0.011978704525288377,0.05404457039816252,0.6884968151806948,0.04310344827586207,0.18518518518518517,0.05146406388642413,0.04405286343612335,0.18518518518518517,0.2578372125649517,0.012683368445731629,33,no_excitation
boosting_no_network,all_test,5470,74,0.013528336380255941,0.20563511510092,0.7726243663975317,0.11594202898550725,0.43243243243243246,0.05045703839122486,0.12142857142857143,0.4594594594594595,0.5537833067826524,0.012366922966031226,33,no_excitation
boosting_no_network,pre_shift,962,20,0.02079002079002079,0.5825350295034091,0.9536624203821656,0.35555555555555557,0.8,0.04677754677754678,0.3469387755102041,0.85,0.9767144195539056,0.01336782947396891,33,no_excitation
boosting_no_network,post_shift,4508,54,0.011978704525288377,0.09731082729745659,0.7022027640572768,0.06926406926406926,0.2962962962962963,0.05124223602484472,0.0735930735930736,0.3148148148148148,0.2992606827765293,0.012153331115845765,33,no_excitation
isolation_forest,all_test,5470,74,0.013528336380255941,0.0759227819824402,0.7683444192895638,0.06873614190687362,0.4189189189189189,0.08244972577696527,0.09285714285714286,0.35135135135135137,0.4114804703767112,,33,no_excitation
isolation_forest,pre_shift,962,20,0.02079002079002079,0.31992210400889615,0.9456475583864119,0.23636363636363636,0.65,0.057172557172557176,0.26785714285714285,0.75,0.883682059898571,,33,no_excitation
isolation_forest,post_shift,4508,54,0.011978704525288377,0.0487848686973634,0.7013213258161619,0.045454545454545456,0.3333333333333333,0.0878438331854481,0.049107142857142856,0.2037037037037037,0.12730656120874262,,33,no_excitation
behaviour_rule,all_test,5470,74,0.013528336380255941,0.17826484928473754,0.7585824334341754,0.0782312925170068,0.3108108108108108,0.05374771480804388,0.08214285714285714,0.3108108108108108,0.5599175056020835,,33,no_excitation
behaviour_rule,pre_shift,962,20,0.02079002079002079,0.6037851156924352,0.9567409766454351,0.32558139534883723,0.7,0.0446985446985447,0.25,0.7,0.9391029729361208,,33,no_excitation
behaviour_rule,post_shift,4508,54,0.011978704525288377,0.037676686208302286,0.6800545493854878,0.035856573705179286,0.16666666666666666,0.05567879325643301,0.04017857142857143,0.16666666666666666,0.3317212882596001,,33,no_excitation
logistic,all_test,5640,150,0.026595744680851064,0.15926846577621587,0.7370491803278689,0.12026726057906459,0.36,0.07960992907801419,0.15357142857142858,0.2866666666666667,0.5096467481016838,0.026908487630984947,44,no_excitation
logistic,pre_shift,957,15,0.01567398119122257,0.8565467086519718,0.9953998584571833,0.2542372881355932,1.0,0.06165099268547544,0.28846153846153844,1.0,1.0,0.005587302979276115,44,no_excitation
logistic,post_shift,4683,135,0.028827674567584883,0.10039702922884272,0.6984608619173264,0.1,0.28888888888888886,0.08327994875080078,0.12280701754385964,0.2074074074074074,0.2931385016028692,0.03126560352073198,44,no_excitation
boosting,all_test,5640,150,0.026595744680851064,0.15820981462781672,0.7426982392228294,0.12808988764044943,0.38,0.07890070921985816,0.16071428571428573,0.3,0.5158613403763619,0.02611312419213859,44,no_excitation
boosting,pre_shift,957,15,0.01567398119122257,0.7486480350162675,0.986624203821656,0.25925925925925924,0.9333333333333333,0.05642633228840126,0.2641509433962264,0.9333333333333333,0.9641203404299351,0.006696937289121712,44,no_excitation
boosting,post_shift,4683,135,0.028827674567584883,0.10081069292162145,0.7067200886022346,0.10997442455242967,0.31851851851851853,0.08349348708093103,0.13656387665198239,0.22962962962962963,0.31793918996093723,0.030080942015368824,44,no_excitation
boosting_static,all_test,5640,150,0.026595744680851064,0.13359239864661412,0.6916387370977535,0.13622291021671826,0.29333333333333333,0.05726950354609929,0.15714285714285714,0.29333333333333333,0.41710663585341695,0.02550840402722403,44,no_excitation
boosting_static,pre_shift,957,15,0.01567398119122257,0.569595664279094,0.9563340410474168,0.20408163265306123,0.6666666666666666,0.051201671891327065,0.21153846153846154,0.7333333333333333,0.7082934526735132,0.009835580288213516,44,no_excitation
boosting_static,post_shift,4683,135,0.028827674567584883,0.09576980521945597,0.6575833089025701,0.12408759124087591,0.2518518518518518,0.058509502455690796,0.14473684210526316,0.24444444444444444,0.28853739139704704,0.02871124244666308,44,no_excitation
boosting_no_network,all_test,5640,150,0.026595744680851064,0.1790165667367844,0.718445051608986,0.16285714285714287,0.38,0.06205673758865248,0.175,0.32666666666666666,0.480175635523275,0.02432968414074363,44,no_excitation
boosting_no_network,pre_shift,957,15,0.01567398119122257,0.675775446721052,0.9803963198867658,0.3,0.8,0.04179728317659352,0.25,0.8666666666666667,0.918591716894741,0.008049173008118206,44,no_excitation
boosting_no_network,post_shift,4683,135,0.028827674567584883,0.12713107413866334,0.6845320694485162,0.14516129032258066,0.3333333333333333,0.0661968823403801,0.15789473684210525,0.26666666666666666,0.2865994806856168,0.027656707235751646,44,no_excitation
isolation_forest,all_test,5640,150,0.026595744680851064,0.15974802223222395,0.7985440194292653,0.11352253756260434,0.4533333333333333,0.10620567375886525,0.16785714285714284,0.31333333333333335,0.3668801584681413,,44,no_excitation
isolation_forest,pre_shift,957,15,0.01567398119122257,0.21447264724823667,0.9370134465675868,0.14285714285714285,0.6,0.06583072100313479,0.17647058823529413,0.6,0.6101654724025835,,44,no_excitation
isolation_forest,post_shift,4683,135,0.028827674567584883,0.16108071621378756,0.7768526662106257,0.11007462686567164,0.43703703703703706,0.1144565449498185,0.16593886462882096,0.2814814814814815,0.2594611161451948,,44,no_excitation
behaviour_rule,all_test,5640,150,0.026595744680851064,0.14326282176192473,0.7181918639951427,0.14733542319749215,0.31333333333333335,0.05656028368794326,0.15714285714285714,0.29333333333333333,0.539533839551007,,44,no_excitation
behaviour_rule,pre_shift,957,15,0.01567398119122257,0.8265570880990835,0.9958244869072894,0.29411764705882354,1.0,0.05329153605015674,0.29411764705882354,1.0,1.0,,44,no_excitation
behaviour_rule,post_shift,4683,135,0.028827674567584883,0.08216849984915561,0.677891788006124,0.11940298507462686,0.23703703703703705,0.05722827247490925,0.12663755458515283,0.21481481481481482,0.33622179749784886,,44,no_excitation
logistic,all_test,5625,87,0.015466666666666667,0.21426465499940556,0.7790936601038592,0.088,0.5057471264367817,0.08888888888888889,0.1392857142857143,0.4482758620689655,0.5858105513528227,0.024589994052513643,55,no_excitation
logistic,pre_shift,999,19,0.01901901901901902,0.7420154530160419,0.9860365198711063,0.2786885245901639,0.8947368421052632,0.06106106106106106,0.2962962962962963,0.8421052631578947,0.9596156677956118,0.012892900646281201,55,no_excitation
logistic,post_shift,4626,68,0.014699524427150886,0.08747240378950336,0.7117350231009473,0.06150341685649203,0.39705882352941174,0.09489840034587116,0.10176991150442478,0.3382352941176471,0.5059415772759004,0.027116020060474345,55,no_excitation
boosting,all_test,5625,87,0.015466666666666667,0.12931705489172698,0.7709389256256668,0.09900990099009901,0.45977011494252873,0.07182222222222222,0.125,0.40229885057471265,0.5156944932767976,0.01786988780855052,55,no_excitation
boosting,pre_shift,999,19,0.01901901901901902,0.5341798998229544,0.9494092373791622,0.21333333333333335,0.8421052631578947,0.07507507507507508,0.2777777777777778,0.7894736842105263,0.8121410690619938,0.015061704896987431,55,no_excitation
boosting,post_shift,4626,68,0.014699524427150886,0.06705620344031685,0.7173328085073433,0.0729483282674772,0.35294117647058826,0.0711197578901859,0.08849557522123894,0.29411764705882354,0.4523543118959364,0.018476324196067064,55,no_excitation
boosting_static,all_test,5625,87,0.015466666666666667,0.18463489087008156,0.777434278527042,0.12171052631578948,0.42528735632183906,0.054044444444444444,0.125,0.40229885057471265,0.5757763804073618,0.013924055876755641,55,no_excitation
boosting_static,pre_shift,999,19,0.01901901901901902,0.5716134385053703,0.9242212674543502,0.29411764705882354,0.7894736842105263,0.05105105105105105,0.2641509433962264,0.7368421052631579,0.8121410690619938,0.011544357581565613,55,no_excitation
boosting_static,post_shift,4626,68,0.014699524427150886,0.10488952088153503,0.7338696667785148,0.08695652173913043,0.3235294117647059,0.05469087764807609,0.09251101321585903,0.3088235294117647,0.5252735799895779,0.014437959594199405,55,no_excitation
boosting_no_network,all_test,5625,87,0.015466666666666667,0.15655870260467095,0.7376786507432452,0.12,0.41379310344827586,0.05333333333333334,0.13214285714285715,0.42528735632183906,0.5697312501316448,0.01488538338919076,55,no_excitation
boosting_no_network,pre_shift,999,19,0.01901901901901902,0.6710875797219003,0.9659505907626208,0.3137254901960784,0.8421052631578947,0.05105105105105105,0.2857142857142857,0.8421052631578947,0.9596156677956118,0.009812478711700308,55,no_excitation
boosting_no_network,post_shift,4626,68,0.014699524427150886,0.0730626404093597,0.6699855457760112,0.08032128514056225,0.29411764705882354,0.05382619974059663,0.09375,0.3088235294117647,0.48642669629425705,0.015980893932384225,55,no_excitation
isolation_forest,all_test,5625,87,0.015466666666666667,0.10660669057993055,0.7147358065279386,0.06458333333333334,0.3563218390804598,0.08533333333333333,0.08928571428571429,0.28735632183908044,0.13501006981631294,,55,no_excitation
isolation_forest,pre_shift,999,19,0.01901901901901902,0.4745255351093471,0.9059076262083781,0.16216216216216217,0.631578947368421,0.07407407407407407,0.20689655172413793,0.631578947368421,0.07474966867913414,,55,no_excitation
isolation_forest,post_shift,4626,68,0.014699524427150886,0.03339364525573234,0.6577349456676045,0.046798029556650245,0.27941176470588236,0.08776480760916558,0.05855855855855856,0.19117647058823528,0.14788559292870698,,55,no_excitation
behaviour_rule,all_test,5625,87,0.015466666666666667,0.15850373904447404,0.7580831288942023,0.09615384615384616,0.45977011494252873,0.07395555555555555,0.12142857142857143,0.39080459770114945,0.5225643277364705,,55,no_excitation
behaviour_rule,pre_shift,999,19,0.01901901901901902,0.6370878444817801,0.9694951664876478,0.24285714285714285,0.8947368421052632,0.07007007007007007,0.2807017543859649,0.8421052631578947,0.9596156677956118,,55,no_excitation
behaviour_rule,post_shift,4626,68,0.014699524427150886,0.06899242137250328,0.6936091681077872,0.06647398843930635,0.3382352941176471,0.07479463899697363,0.08071748878923767,0.2647058823529412,0.42918186555497656,,55,no_excitation
logistic,all_test,8438,115,0.013628821995733587,0.18254044805166492,0.8401537907004686,0.08571428571428572,0.5217391304347826,0.08295804693055227,0.14642857142857144,0.3565217391304348,0.4827129871816475,0.03087537734883912,11,no_memory
logistic,pre_shift,1408,29,0.020596590909090908,0.6016070609215549,0.981420819684429,0.34285714285714286,0.8275862068965517,0.04971590909090909,0.375,0.6206896551724138,0.697409643888861,0.015176595411752137,11,no_memory
logistic,post_shift,7030,86,0.012233285917496443,0.1263789949240656,0.7854932483120779,0.05714285714285714,0.4186046511627907,0.08961593172119488,0.09913793103448276,0.26744186046511625,0.30815424252566687,0.034019599961558684,11,no_memory
boosting,all_test,8438,115,0.013628821995733587,0.16738134592974943,0.8105130361648443,0.1108433734939759,0.4,0.049182270680255984,0.1357142857142857,0.33043478260869563,0.43836769126907377,0.029853238781156973,11,no_memory
boosting,pre_shift,1408,29,0.020596590909090908,0.5961725970962939,0.9698182090970469,0.37254901960784315,0.6551724137931034,0.03622159090909091,0.3617021276595745,0.5862068965517241,0.6234110942776657,0.017194795924865627,11,no_memory
boosting,post_shift,7030,86,0.012233285917496443,0.09551087791910896,0.751409113439074,0.07417582417582418,0.313953488372093,0.051778093883357044,0.09012875536480687,0.2441860465116279,0.28791847314221664,0.03238852861638574,11,no_memory
boosting_static,all_test,8438,115,0.013628821995733587,0.1790066434156045,0.8031891719645403,0.15771812080536912,0.40869565217391307,0.03531642569329225,0.14285714285714285,0.34782608695652173,0.4729148845511108,0.012826918350905618,11,no_memory
boosting_static,pre_shift,1408,29,0.020596590909090908,0.5455626957965328,0.9805456227651221,0.4782608695652174,0.7586206896551724,0.032670454545454544,0.36,0.6206896551724138,0.6836859980039204,0.013644616605863276,11,no_memory
boosting_static,post_shift,7030,86,0.012233285917496443,0.11307046344885371,0.738584757796592,0.0992063492063492,0.29069767441860467,0.03584637268847795,0.09565217391304348,0.2558139534883721,0.30154779603496457,0.012663146068831595,11,no_memory
boosting_no_network,all_test,8438,115,0.013628821995733587,0.19955697775996278,0.8178290645617957,0.1419939577039275,0.40869565217391307,0.03922730504858971,0.15714285714285714,0.3826086956521739,0.523020550363793,0.012914731986546418,11,no_memory
boosting_no_network,pre_shift,1408,29,0.020596590909090908,0.6014246559322324,0.9809707184116425,0.4883720930232558,0.7241379310344828,0.030539772727272728,0.4,0.6896551724137931,0.7479674212996537,0.012685407405590871,11,no_memory
boosting_no_network,post_shift,7030,86,0.012233285917496443,0.12583268065644232,0.7566855441538956,0.09027777777777778,0.3023255813953488,0.04096728307254623,0.10434782608695652,0.27906976744186046,0.340127886793334,0.012960662144439082,11,no_memory
isolation_forest,all_test,8438,115,0.013628821995733587,0.06079177684827264,0.7417695333517911,0.060498220640569395,0.2956521739130435,0.06660346053567195,0.08571428571428572,0.20869565217391303,0.2089124202676581,,11,no_memory
isolation_forest,pre_shift,1408,29,0.020596590909090908,0.22173474016120073,0.8812232752369283,0.18181818181818182,0.3448275862068966,0.0390625,0.17307692307692307,0.3103448275862069,0.39297638451099637,,11,no_memory
isolation_forest,post_shift,7030,86,0.012233285917496443,0.051497346817670944,0.6993690386882435,0.047337278106508875,0.27906976744186046,0.0721194879089616,0.06578947368421052,0.1744186046511628,0.0592595331314751,,11,no_memory
behaviour_rule,all_test,8438,115,0.013628821995733587,0.19761346957791684,0.8060732699852163,0.1284153005464481,0.40869565217391307,0.04337520739511733,0.14285714285714285,0.34782608695652173,0.5598635199112171,,11,no_memory
behaviour_rule,pre_shift,1408,29,0.020596590909090908,0.5588034190726799,0.9751944187442174,0.3958333333333333,0.6551724137931034,0.03409090909090909,0.3333333333333333,0.6206896551724138,0.7689621582551296,,11,no_memory
behaviour_rule,post_shift,7030,86,0.012233285917496443,0.1273060178414074,0.7432483120780194,0.0880503144654088,0.32558139534883723,0.04523470839260313,0.09734513274336283,0.2558139534883721,0.38985623438387834,,11,no_memory
logistic,all_test,8706,115,0.013209280955662761,0.10716242900484897,0.7945564873249559,0.07446808510638298,0.4260869565217391,0.07558005972892258,0.11785714285714285,0.28695652173913044,0.34224862131838873,0.028601185323378138,22,no_memory
logistic,pre_shift,1504,11,0.007313829787234043,0.4081968705213939,0.9645010046885465,0.11594202898550725,0.7272727272727273,0.045877659574468085,0.14814814814814814,0.7272727272727273,0.75340091986785,0.012736485847566698,22,no_memory
logistic,post_shift,7202,104,0.01444043321299639,0.08863093038842716,0.7641358887660663,0.06960950764006792,0.3942307692307692,0.08178283810052762,0.11061946902654868,0.2403846153846154,0.3033953243509614,0.0319142244807817,22,no_memory
boosting,all_test,8706,115,0.013209280955662761,0.09442753695407254,0.7388404447525975,0.10236220472440945,0.22608695652173913,0.029175281415116012,0.09285714285714286,0.22608695652173913,0.29325648511695024,0.012862799366182507,22,no_memory
boosting,pre_shift,1504,11,0.007313829787234043,0.19891505549210525,0.9093344699506788,0.09523809523809523,0.36363636363636365,0.027925531914893616,0.07547169811320754,0.36363636363636365,0.5484874004016325,0.006513735531853163,22,no_memory
boosting,post_shift,7202,104,0.01444043321299639,0.09055408811998816,0.7193866907254481,0.10377358490566038,0.21153846153846154,0.029436267703415717,0.09691629955947137,0.21153846153846154,0.2691375331329542,0.014188679955856397,22,no_memory
boosting_static,all_test,8706,115,0.013209280955662761,0.11764977343571846,0.7518748133790164,0.11726384364820847,0.3130434782608696,0.03526303698598668,0.11071428571428571,0.26956521739130435,0.3562563620703156,0.012870262526413321,22,no_memory
boosting_static,pre_shift,1504,11,0.007313829787234043,0.3237708420154176,0.9303720392132985,0.1590909090909091,0.6363636363636364,0.02925531914893617,0.10909090909090909,0.5454545454545454,0.6843784414070091,0.006735227480958911,22,no_memory
boosting_static,post_shift,7202,104,0.01444043321299639,0.10468118694104067,0.7289600808461756,0.11026615969581749,0.27884615384615385,0.03651763399055818,0.1111111111111111,0.2403846153846154,0.32524930061154406,0.014151447295694555,22,no_memory
boosting_no_network,all_test,8706,115,0.013209280955662761,0.0970219134519415,0.7441817270854737,0.09657320872274143,0.26956521739130435,0.0368711233631978,0.09642857142857143,0.23478260869565218,0.3436245064152041,0.01303620961107606,22,no_memory
boosting_no_network,pre_shift,1504,11,0.007313829787234043,0.400715170043585,0.9573159593253364,0.14583333333333334,0.6363636363636364,0.031914893617021274,0.09090909090909091,0.45454545454545453,0.5832739521927836,0.00583784798626104,22,no_memory
boosting_no_network,post_shift,7202,104,0.01444043321299639,0.07327129305955164,0.7159776860220648,0.08791208791208792,0.23076923076923078,0.03790613718411552,0.09777777777777778,0.21153846153846154,0.320977980741566,0.01453944980598328,22,no_memory
isolation_forest,all_test,8706,115,0.013209280955662761,0.024350077650356735,0.6615791045229334,0.027160493827160494,0.09565217391304348,0.046519641626464506,0.02857142857142857,0.06956521739130435,0.03529620680783471,,22,no_memory
isolation_forest,pre_shift,1504,11,0.007313829787234043,0.03426211854141631,0.8399805151312184,0.0,0.0,0.03125,0.0,0.0,0.0,,22,no_memory
isolation_forest,post_shift,7202,104,0.01444043321299639,0.02419197361272238,0.6371797581117108,0.030726256983240222,0.10576923076923077,0.04970841432935296,0.03571428571428571,0.07692307692307693,0.038631647251112594,,22,no_memory
behaviour_rule,all_test,8706,115,0.013209280955662761,0.12138915061848142,0.7425779253313629,0.11246200607902736,0.3217391304347826,0.03779002986446129,0.125,0.30434782608695654,0.36857221159546744,,22,no_memory
behaviour_rule,pre_shift,1504,11,0.007313829787234043,0.36187760369134064,0.9453814771966145,0.1836734693877551,0.8181818181818182,0.032579787234042555,0.14814814814814814,0.7272727272727273,0.9080617995724558,,22,no_memory
behaviour_rule,post_shift,7202,104,0.01444043321299639,0.09903516312632363,0.7150294232394824,0.1,0.2692307692307692,0.03887808941960567,0.11946902654867257,0.25961538461538464,0.3175912265773735,,22,no_memory
logistic,all_test,8134,126,0.01549053356282272,0.2450849390288171,0.82961383854241,0.16374269005847952,0.4444444444444444,0.042045733956233095,0.18571428571428572,0.4126984126984127,0.4101251287159631,0.014799188541132031,33,no_memory
logistic,pre_shift,1315,29,0.022053231939163497,0.850880567948634,0.9881750415616453,0.5094339622641509,0.9310344827586207,0.0403041825095057,0.5,0.9310344827586207,0.9338914649075295,0.006967984404933974,33,no_memory
logistic,post_shift,6819,97,0.014224959671506086,0.10396195418915267,0.7741268093381632,0.10034602076124567,0.29896907216494845,0.04238158087696143,0.11061946902654868,0.25773195876288657,0.16855710818042538,0.016309385555225073,33,no_memory
boosting,all_test,8134,126,0.01549053356282272,0.17444082629626403,0.8086878399378399,0.17207792207792208,0.42063492063492064,0.0378657487091222,0.175,0.3888888888888889,0.45920222784850157,0.014029447906427035,33,no_memory
boosting,pre_shift,1315,29,0.022053231939163497,0.7687208485947068,0.9930551831393789,0.5777777777777777,0.896551724137931,0.034220532319391636,0.5,0.9310344827586207,0.9338914649075295,0.010989901914955691,33,no_memory
boosting,post_shift,6819,97,0.014224959671506086,0.07347009908572723,0.7450554725673814,0.10266159695817491,0.27835051546391754,0.038568705088722684,0.09734513274336283,0.2268041237113402,0.2402692200502802,0.014615604671170374,33,no_memory
boosting_static,all_test,8134,126,0.01549053356282272,0.12851660167660336,0.8284691498977212,0.17154811715481172,0.3253968253968254,0.029382837472338334,0.17142857142857143,0.38095238095238093,0.47225071596710405,0.014975168802920645,33,no_memory
boosting_static,pre_shift,1315,29,0.022053231939163497,0.5908762286937812,0.9759210596878855,0.5675675675675675,0.7241379310344828,0.028136882129277566,0.41379310344827586,0.8275862068965517,0.8610202286168711,0.0160007773702349,33,no_memory
boosting_static,post_shift,6819,97,0.014224959671506086,0.07901441266790554,0.781814291892754,0.09900990099009901,0.20618556701030927,0.02962311189323948,0.10810810810810811,0.24742268041237114,0.2929450311110598,0.01477738683107459,33,no_memory
boosting_no_network,all_test,8134,126,0.01549053356282272,0.17491551254577278,0.830287272251558,0.18248175182481752,0.3968253968253968,0.03368576346201131,0.18571428571428572,0.4126984126984127,0.43600173136558495,0.014121721116500497,33,no_memory
boosting_no_network,pre_shift,1315,29,0.022053231939163497,0.8013326755858061,0.9941813696573175,0.5681818181818182,0.8620689655172413,0.033460076045627375,0.49122807017543857,0.9655172413793104,0.8610202286168711,0.01132433709776201,33,no_memory
boosting_no_network,post_shift,6819,97,0.014224959671506086,0.07179285244541739,0.7744281739909268,0.10869565217391304,0.25773195876288657,0.033729285819035046,0.10762331838565023,0.24742268041237114,0.23997753130239025,0.014661178512693647,33,no_memory
isolation_forest,all_test,8134,126,0.01549053356282272,0.10427114477323148,0.8120579817008389,0.12224938875305623,0.3968253968253968,0.050282763707892794,0.14285714285714285,0.31746031746031744,0.2380192861476918,,33,no_memory
isolation_forest,pre_shift,1315,29,0.022053231939163497,0.43747699091872694,0.9545235158470532,0.375,0.7241379310344828,0.04258555133079848,0.3888888888888889,0.7241379310344828,0.6803653110999095,,33,no_memory
isolation_forest,post_shift,6819,97,0.014224959671506086,0.06865985527741576,0.7678295917084078,0.0821529745042493,0.29896907216494845,0.05176712127877988,0.084070796460177,0.1958762886597938,0.03400339918471551,,33,no_memory
behaviour_rule,all_test,8134,126,0.01549053356282272,0.17417002311900232,0.8268358625501483,0.16778523489932887,0.3968253968253968,0.03663634128350135,0.16428571428571428,0.36507936507936506,0.4733654307957759,,33,no_memory
behaviour_rule,pre_shift,1315,29,0.022053231939163497,0.8150391367244192,0.990775996138789,0.52,0.896551724137931,0.03802281368821293,0.49056603773584906,0.896551724137931,0.9338914649075295,,33,no_memory
behaviour_rule,post_shift,6819,97,0.014224959671506086,0.061493412564927276,0.7720287592364816,0.0967741935483871,0.24742268041237114,0.03636896905704649,0.0881057268722467,0.20618556701030927,0.2609646811134424,,33,no_memory
logistic,all_test,8517,230,0.027004813901608547,0.19428886354880004,0.7836170849051157,0.16725978647686832,0.40869565217391307,0.06598567570740871,0.2571428571428571,0.3130434782608696,0.42948180840870115,0.028256526707203966,44,no_memory
logistic,pre_shift,1546,25,0.016170763260025874,0.5964488896332355,0.9583957922419462,0.2903225806451613,0.72,0.040103492884864166,0.33962264150943394,0.72,0.7564488377508823,0.010515089366535463,44,no_memory
logistic,post_shift,6971,205,0.029407545545832737,0.15390580775764373,0.751793400286944,0.152,0.37073170731707317,0.07172572084349448,0.23788546255506607,0.2634146341463415,0.22425146386391956,0.03219115045253082,44,no_memory
boosting,all_test,8517,230,0.027004813901608547,0.15632792702840342,0.7320509860913637,0.21107266435986158,0.26521739130434785,0.033932135728542916,0.2,0.24347826086956523,0.36964385826174373,0.025240219740399188,44,no_memory
boosting,pre_shift,1546,25,0.016170763260025874,0.4486168778314494,0.932991452991453,0.26785714285714285,0.6,0.03622250970245795,0.2641509433962264,0.56,0.661549348955095,0.012097406186899098,44,no_memory
boosting,post_shift,6971,205,0.029407545545832737,0.1259937962137933,0.7053484784034952,0.19742489270386265,0.22439024390243903,0.03342418591306843,0.18502202643171806,0.2048780487804878,0.1864209059352125,0.028154979423903874,44,no_memory
boosting_static,all_test,8517,230,0.027004813901608547,0.15418643228865617,0.7259403151085251,0.20422535211267606,0.25217391304347825,0.033345074556768814,0.21071428571428572,0.2565217391304348,0.39840583260893636,0.025092821121174367,44,no_memory
boosting_static,pre_shift,1546,25,0.016170763260025874,0.5115066606464707,0.9266272189349112,0.2777777777777778,0.6,0.03492884864165589,0.2777777777777778,0.6,0.7070535328710413,0.010909111180624605,44,no_memory
boosting_static,post_shift,6971,205,0.029407545545832737,0.11885001355229685,0.698102059796832,0.18695652173913044,0.2097560975609756,0.032993831588007456,0.19469026548672566,0.2146341463414634,0.20467414658791272,0.028238426567751603,44,no_memory
boosting_no_network,all_test,8517,230,0.027004813901608547,0.16833823810848417,0.7428274248298802,0.23076923076923078,0.28695652173913044,0.033579899025478456,0.2357142857142857,0.28695652173913044,0.43212887261744604,0.024632766251620558,44,no_memory
boosting_no_network,pre_shift,1546,25,0.016170763260025874,0.5456117511005116,0.9374884944115712,0.3404255319148936,0.64,0.03040103492884864,0.3018867924528302,0.64,0.6851402589709443,0.010586954729464335,44,no_memory
boosting_no_network,post_shift,6971,205,0.029407545545832737,0.1316482909312562,0.714182822289352,0.20920502092050208,0.24390243902439024,0.03428489456319036,0.22026431718061673,0.24390243902439024,0.2733189335861331,0.027747789148371893,44,no_memory
isolation_forest,all_test,8517,230,0.027004813901608547,0.08540852008295205,0.7256032234878096,0.1206140350877193,0.2391304347826087,0.05353997886579782,0.14642857142857144,0.1782608695652174,0.11059340099796762,,44,no_memory
isolation_forest,pre_shift,1546,25,0.016170763260025874,0.07514580427880843,0.8243786982248521,0.12307692307692308,0.32,0.04204398447606727,0.09433962264150944,0.2,0.12026299546224302,,44,no_memory
isolation_forest,post_shift,6971,205,0.029407545545832737,0.08810761578477967,0.710620534523406,0.12020460358056266,0.22926829268292684,0.05608951369961268,0.15859030837004406,0.17560975609756097,0.10452399942098257,,44,no_memory
behaviour_rule,all_test,8517,230,0.027004813901608547,0.14975002284011027,0.7151536455737378,0.19543973941368079,0.2608695652173913,0.036045555946929674,0.18928571428571428,0.23043478260869565,0.39973372417346814,,44,no_memory
behaviour_rule,pre_shift,1546,25,0.016170763260025874,0.5541915077017749,0.9629717291255754,0.3541666666666667,0.68,0.031047865459249677,0.29411764705882354,0.6,0.7109220441837802,,44,no_memory
behaviour_rule,post_shift,6971,205,0.029407545545832737,0.10614360524575442,0.6752557623122787,0.16602316602316602,0.2097560975609756,0.03715392339693014,0.16593886462882096,0.18536585365853658,0.20440734443873626,,44,no_memory
logistic,all_test,8662,111,0.012814592472870007,0.06261581321443264,0.7011560736271295,0.06928406466512702,0.2702702702702703,0.04998845532209651,0.08928571428571429,0.22522522522522523,0.3492572241501588,0.016761349952568453,55,no_memory
logistic,pre_shift,1359,20,0.014716703458425313,0.32318113450545805,0.7111650485436893,0.20930232558139536,0.45,0.03164091243561442,0.18181818181818182,0.5,0.951756050564914,0.012412149046460551,55,no_memory
logistic,post_shift,7303,91,0.01246063261673285,0.043270362183019516,0.6929964101345132,0.05384615384615385,0.23076923076923078,0.053402711214569354,0.06666666666666667,0.16483516483516483,0.24776293367365756,0.01757068365534822,55,no_memory
boosting,all_test,8662,111,0.012814592472870007,0.14513727873592486,0.6906604885788608,0.13302752293577982,0.26126126126126126,0.025167397829600553,0.11428571428571428,0.2882882882882883,0.32583437329668735,0.012210931920807503,55,no_memory
boosting,pre_shift,1359,20,0.014716703458425313,0.7283767642723828,0.9853995519044063,0.38461538461538464,0.75,0.02869757174392936,0.30357142857142855,0.85,0.951756050564914,0.007145803791841959,55,no_memory
boosting,post_shift,7303,91,0.01246063261673285,0.045680784282125464,0.6262243025970147,0.0782122905027933,0.15384615384615385,0.02451047514719978,0.06696428571428571,0.16483516483516483,0.2203943728468467,0.013153491023541198,55,no_memory
boosting_static,all_test,8662,111,0.012814592472870007,0.0989257101801167,0.7115552577486854,0.11382113821138211,0.25225225225225223,0.02839990764257677,0.11428571428571428,0.2882882882882883,0.3322930192328332,0.01250523374782322,55,no_memory
boosting_static,pre_shift,1359,20,0.014716703458425313,0.6274094483971904,0.959353995519044,0.35,0.7,0.029433406916850625,0.2631578947368421,0.75,0.951756050564914,0.008900924533104664,55,no_memory
boosting_static,post_shift,7303,91,0.01246063261673285,0.03840549928022945,0.6532686669957886,0.06796116504854369,0.15384615384615385,0.028207585923593043,0.07623318385650224,0.18681318681318682,0.22794101374329617,0.013175952113262425,55,no_memory
boosting_no_network,all_test,8662,111,0.012814592472870007,0.1019010886876586,0.6692031172793657,0.1183206106870229,0.27927927927927926,0.03024705610713461,0.1,0.25225225225225223,0.2899572159426908,0.012717992423433482,55,no_memory
boosting_no_network,pre_shift,1359,20,0.014716703458425313,0.6018799696419919,0.967662434652726,0.35714285714285715,0.75,0.03090507726269316,0.24561403508771928,0.7,0.8411525997722827,0.008555949230479722,55,no_memory
boosting_no_network,post_shift,7303,91,0.01246063261673285,0.03219035408687961,0.6002762489867315,0.07272727272727272,0.17582417582417584,0.030124606326167327,0.06278026905829596,0.15384615384615385,0.19710527674705106,0.013492498338704488,55,no_memory
isolation_forest,all_test,8662,111,0.012814592472870007,0.11871256227903758,0.7310593250249431,0.054982817869415807,0.2882882882882883,0.06719002539829139,0.07142857142857142,0.18018018018018017,0.04786847848275485,,55,no_memory
isolation_forest,pre_shift,1359,20,0.014716703458425313,0.6939080304316183,0.9750560119492158,0.26865671641791045,0.9,0.049300956585724795,0.2545454545454545,0.7,0.19672729395965316,,55,no_memory
isolation_forest,post_shift,7303,91,0.01246063261673285,0.03139260369126127,0.670731930299318,0.027184466019417475,0.15384615384615385,0.0705189648089826,0.02666666666666667,0.06593406593406594,0.022792380081195857,,55,no_memory
behaviour_rule,all_test,8662,111,0.012814592472870007,0.10366004744108873,0.6821772070281018,0.11627906976744186,0.3153153153153153,0.03474948048949434,0.11071428571428571,0.27927927927927926,0.34281120508778834,,55,no_memory
behaviour_rule,pre_shift,1359,20,0.014716703458425313,0.6736317972881684,0.9637042569081403,0.3333333333333333,0.9,0.039735099337748346,0.2909090909090909,0.8,0.9078182932881791,,55,no_memory
behaviour_rule,post_shift,7303,91,0.01246063261673285,0.033394969476838454,0.6154912752250523,0.06882591093117409,0.18681318681318682,0.03382171710256059,0.06666666666666667,0.16483516483516483,0.2476326071935299,,55,no_memory
logistic,all_test,8400,113,0.013452380952380952,0.5076749368399618,0.9658234295959873,0.16101694915254236,0.8407079646017699,0.07023809523809524,0.2571428571428571,0.6371681415929203,0.6235589562037444,0.020867413612674548,11,no_shift
logistic,pre_shift,1408,29,0.020596590909090908,0.5358976016441493,0.9714185691780651,0.328125,0.7241379310344828,0.045454545454545456,0.2708333333333333,0.4482758620689655,0.5121179860534487,0.016083640696360094,11,no_shift
logistic,post_shift,6992,84,0.012013729977116704,0.5496948259507882,0.9685164888190366,0.14068441064638784,0.8809523809523809,0.07522883295194507,0.2543103448275862,0.7023809523809523,0.6882806098847774,0.021830736305204684,11,no_shift
boosting,all_test,8400,113,0.013452380952380952,0.5180898661672404,0.9643476134386837,0.27181208053691275,0.7168141592920354,0.035476190476190474,0.275,0.6814159292035398,0.7268110890202862,0.009422421818483405,11,no_shift
boosting,pre_shift,1408,29,0.020596590909090908,0.43129129288491913,0.9569153059438373,0.38636363636363635,0.5862068965517241,0.03125,0.32608695652173914,0.5172413793103449,0.5623052675691926,0.014931371636560413,11,no_shift
boosting,post_shift,6992,84,0.012013729977116704,0.5664106063279148,0.9688594314390492,0.25196850393700787,0.7619047619047619,0.036327231121281466,0.26495726495726496,0.7380952380952381,0.8223512551738317,0.008313068079374075,11,no_shift
boosting_static,all_test,8400,113,0.013452380952380952,0.474341913025464,0.9501378104740232,0.30514705882352944,0.7345132743362832,0.03238095238095238,0.2714285714285714,0.672566371681416,0.756384104934287,0.008668201812181055,11,no_shift
boosting_static,pre_shift,1408,29,0.020596590909090908,0.6006483556989858,0.9824085419219325,0.4782608695652174,0.7586206896551724,0.032670454545454544,0.35294117647058826,0.6206896551724138,0.6654337408669351,0.012510460385156325,11,no_shift
boosting_static,post_shift,6992,84,0.012013729977116704,0.45804761280942924,0.9395421457523369,0.26991150442477874,0.7261904761904762,0.03232265446224256,0.25327510917030566,0.6904761904761905,0.8092054143449302,0.007894474685357658,11,no_shift
boosting_no_network,all_test,8400,113,0.013452380952380952,0.5907114324610536,0.9678385273447804,0.3107142857142857,0.7699115044247787,0.03333333333333333,0.2857142857142857,0.7079646017699115,0.7622176127946997,0.007966750966983101,11,no_shift
boosting_no_network,pre_shift,1408,29,0.020596590909090908,0.612201387689636,0.9749693681078242,0.44680851063829785,0.7241379310344828,0.033380681818181816,0.375,0.6206896551724138,0.7041056168837084,0.012852245699945636,11,no_shift
boosting_no_network,post_shift,6992,84,0.012013729977116704,0.6070270445854385,0.9660762538947252,0.2832618025751073,0.7857142857142857,0.033323798627002285,0.2672413793103448,0.7380952380952381,0.7959673591311893,0.006982944247301861,11,no_shift
isolation_forest,all_test,8400,113,0.013452380952380952,0.25837458020405313,0.9006525841199191,0.11806797853309481,0.584070796460177,0.06654761904761905,0.175,0.4336283185840708,0.4148063992624916,,11,no_shift
isolation_forest,pre_shift,1408,29,0.020596590909090908,0.20849232493826408,0.8741716886299418,0.1864406779661017,0.3793103448275862,0.04190340909090909,0.1568627450980392,0.27586206896551724,0.38070857226151217,,11,no_shift
isolation_forest,post_shift,6992,84,0.012013729977116704,0.2889839277453251,0.9223088482642623,0.11,0.6547619047619048,0.07151029748283753,0.17903930131004367,0.4880952380952381,0.4346094191703124,,11,no_shift
behaviour_rule,all_test,8400,113,0.013452380952380952,0.5746357249038159,0.9663958156020038,0.2857142857142857,0.7433628318584071,0.035,0.2892857142857143,0.7168141592920354,0.8174427622902926,,11,no_shift
behaviour_rule,pre_shift,1408,29,0.020596590909090908,0.5588034190726799,0.9751944187442174,0.3958333333333333,0.6551724137931034,0.03409090909090909,0.3333333333333333,0.6206896551724138,0.7794529141212085,,11,no_shift
behaviour_rule,post_shift,6992,84,0.012013729977116704,0.5968533840924701,0.9638221385832851,0.26422764227642276,0.7738095238095238,0.03518306636155606,0.27876106194690264,0.75,0.8395061541764046,,11,no_shift
logistic,all_test,8647,93,0.010755175205273505,0.33858747380030774,0.9516920965102159,0.1712846347607053,0.7311827956989247,0.04591187695154389,0.19642857142857142,0.5913978494623656,0.6899266484888052,0.010506312418795396,22,no_shift
logistic,pre_shift,1504,11,0.007313829787234043,0.31987883481372154,0.9634049808195824,0.14285714285714285,0.7272727272727273,0.03723404255319149,0.12727272727272726,0.6363636363636364,0.7046058171924596,0.008241537336269901,22,no_shift
logistic,post_shift,7143,82,0.011479770404591909,0.3457359150300388,0.9498447328333927,0.17595307917888564,0.7317073170731707,0.04773904521909562,0.21333333333333335,0.5853658536585366,0.6873724906727984,0.010983173922941881,22,no_shift
boosting,all_test,8647,93,0.010755175205273505,0.22110518598025222,0.9351394430323738,0.1610738255033557,0.5161290322580645,0.034462819474962415,0.16428571428571428,0.4946236559139785,0.46215772495103496,0.009913752152375025,22,no_shift
boosting,pre_shift,1504,11,0.007313829787234043,0.25957755431473023,0.9690068805942885,0.13333333333333333,0.5454545454545454,0.02992021276595745,0.11320754716981132,0.5454545454545454,0.5876627583079614,0.006796890298760856,22,no_shift
boosting,post_shift,7143,82,0.011479770404591909,0.22028052345229893,0.9303681161723103,0.16600790513833993,0.5121951219512195,0.035419291614167715,0.1762114537444934,0.4878048780487805,0.44031999909827657,0.010570025458805895,22,no_shift
boosting_static,all_test,8647,93,0.010755175205273505,0.32469194706214893,0.9291905189297092,0.19767441860465115,0.5483870967741935,0.029836937666242628,0.17142857142857143,0.5161290322580645,0.6749443142977841,0.008823550677412242,22,no_shift
boosting_static,pre_shift,1504,11,0.007313829787234043,0.2900284209930436,0.9195031358460696,0.17073170731707318,0.6363636363636364,0.02726063829787234,0.1111111111111111,0.5454545454545454,0.6035013279782341,0.006620355841067101,22,no_shift
boosting_static,post_shift,7143,82,0.011479770404591909,0.33431588734597867,0.9302903962335191,0.20276497695852536,0.5365853658536586,0.030379392412151755,0.18584070796460178,0.5121951219512195,0.6873753085584824,0.009287446104244538,22,no_shift
boosting_no_network,all_test,8647,93,0.010755175205273505,0.3612805471970579,0.9479668695523191,0.2049469964664311,0.6236559139784946,0.03272811379669249,0.18214285714285713,0.5483870967741935,0.6096888321364108,0.00833237984754802,22,no_shift
boosting_no_network,pre_shift,1504,11,0.007313829787234043,0.36967751976026303,0.9583510929793582,0.13333333333333333,0.5454545454545454,0.02992021276595745,0.09090909090909091,0.45454545454545453,0.5832739521927836,0.005961142539480805,22,no_shift
boosting_no_network,post_shift,7143,82,0.011479770404591909,0.36820078152959823,0.9464190106424503,0.2184873949579832,0.6341463414634146,0.033319333613327735,0.20444444444444446,0.5609756097560976,0.6142849896865384,0.008831657589579812,22,no_shift
isolation_forest,all_test,8647,93,0.010755175205273505,0.1698017582170667,0.8353873305829379,0.08565310492505353,0.43010752688172044,0.05400717011680352,0.11785714285714285,0.3548387096774194,0.07935932639502286,,22,no_shift
isolation_forest,pre_shift,1504,11,0.007313829787234043,0.0395487380137417,0.8344395055714546,0.06521739130434782,0.2727272727272727,0.030585106382978722,0.07547169811320754,0.36363636363636365,0.4377631664183455,,22,no_shift
isolation_forest,post_shift,7143,82,0.011479770404591909,0.19109624165590935,0.8346672377642909,0.08788598574821853,0.45121951219512196,0.05893882122357553,0.1277533039647577,0.35365853658536583,0.01699748644596986,,22,no_shift
behaviour_rule,all_test,8647,93,0.010755175205273505,0.45656531675908174,0.9609677670762091,0.24814814814814815,0.7204301075268817,0.031224702208858562,0.21428571428571427,0.6451612903225806,0.8076731057260264,,22,no_shift
behaviour_rule,pre_shift,1504,11,0.007313829787234043,0.36187760369134064,0.9453814771966145,0.1836734693877551,0.8181818181818182,0.032579787234042555,0.14814814814814814,0.7272727272727273,0.9080617995724558,,22,no_shift
behaviour_rule,post_shift,7143,82,0.011479770404591909,0.4852012569463502,0.9632522858297553,0.26244343891402716,0.7073170731707317,0.03093938121237575,0.23008849557522124,0.6341463414634146,0.7902055929395057,,22,no_shift
logistic,all_test,8131,89,0.01094576312876645,0.5588189939188608,0.9706135485331224,0.2318840579710145,0.7191011235955056,0.033944164309433034,0.23214285714285715,0.7303370786516854,0.8837834701913756,0.007294123789225329,33,no_shift
logistic,pre_shift,1315,29,0.022053231939163497,0.8534419693408073,0.9946103930927227,0.54,0.9310344827586207,0.03802281368821293,0.48214285714285715,0.9310344827586207,0.9528427249601905,0.007379679648614355,33,no_shift
logistic,post_shift,6816,60,0.008802816901408451,0.4270456361388636,0.9585282218275113,0.16371681415929204,0.6166666666666667,0.033157276995305164,0.16964285714285715,0.6333333333333333,0.8023291651410223,0.00727761763384144,33,no_shift
boosting,all_test,8131,89,0.01094576312876645,0.4616493242903495,0.9596220963536937,0.19756838905775076,0.7303370786516854,0.04046242774566474,0.21785714285714286,0.6853932584269663,0.8572562963965684,0.009687385448053039,33,no_shift
boosting,pre_shift,1315,29,0.022053231939163497,0.8053974926259215,0.9931088110688047,0.5,0.896551724137931,0.03954372623574144,0.48214285714285715,0.9310344827586207,0.9669642238982306,0.009136205484800581,33,no_shift
boosting,post_shift,6816,60,0.008802816901408451,0.32336543820127045,0.943112295243734,0.1407942238267148,0.65,0.040639671361502344,0.15178571428571427,0.5666666666666667,0.7278575210538932,0.009793723718545554,33,no_shift
boosting_static,all_test,8131,89,0.01094576312876645,0.4198989035784157,0.9393528078710366,0.2878787878787879,0.6404494382022472,0.02435124830894109,0.19642857142857142,0.6179775280898876,0.8428118707531503,0.00805613479153453,33,no_shift
boosting_static,pre_shift,1315,29,0.022053231939163497,0.6070849279862263,0.9743390357698289,0.5526315789473685,0.7241379310344828,0.028897338403041824,0.42105263157894735,0.8275862068965517,0.9008614047351576,0.01441887487532479,33,no_shift
boosting_static,post_shift,6816,60,0.008802816901408451,0.3714643777793328,0.9232669725675942,0.225,0.6,0.023474178403755867,0.13901345291479822,0.5166666666666667,0.7743433582441435,0.006828581503655394,33,no_shift
boosting_no_network,all_test,8131,89,0.01094576312876645,0.49636754106167785,0.9633692775848146,0.2742616033755274,0.7303370786516854,0.02914770630918706,0.22857142857142856,0.7191011235955056,0.857489563415996,0.007331492403691074,33,no_shift
boosting_no_network,pre_shift,1315,29,0.022053231939163497,0.8078572628005131,0.9946103930927228,0.5306122448979592,0.896551724137931,0.037262357414448666,0.49122807017543857,0.9655172413793104,0.9008614047351576,0.010234730666790483,33,no_shift
boosting_no_network,post_shift,6816,60,0.008802816901408451,0.3480531638526254,0.9481349911190052,0.2074468085106383,0.65,0.027582159624413145,0.16143497757847533,0.6,0.806333158597654,0.006771375279868345,33,no_shift
isolation_forest,all_test,8131,89,0.01094576312876645,0.2352684834216443,0.9325283832910926,0.16610169491525423,0.550561797752809,0.03628090025827081,0.17142857142857143,0.5393258426966292,0.7052701425466957,,33,no_shift
isolation_forest,pre_shift,1315,29,0.022053231939163497,0.4598237453238674,0.9547112136000429,0.40476190476190477,0.5862068965517241,0.03193916349809886,0.39622641509433965,0.7241379310344828,0.7189033337278926,,33,no_shift
isolation_forest,post_shift,6816,60,0.008802816901408451,0.19828187588461268,0.9252738306690349,0.12648221343873517,0.5333333333333333,0.03711854460093897,0.11894273127753303,0.45,0.6891900079289607,,33,no_shift
behaviour_rule,all_test,8131,89,0.01094576312876645,0.5555173035224389,0.9704528752141146,0.2832618025751073,0.7415730337078652,0.028655761898905424,0.23214285714285715,0.7303370786516854,0.9097848867144159,,33,no_shift
behaviour_rule,pre_shift,1315,29,0.022053231939163497,0.8150391367244192,0.990775996138789,0.52,0.896551724137931,0.03802281368821293,0.48148148148148145,0.896551724137931,0.9528427249601905,,33,no_shift
behaviour_rule,post_shift,6816,60,0.008802816901408451,0.45402630026568563,0.9610469705940399,0.2185792349726776,0.6666666666666666,0.026848591549295774,0.17256637168141592,0.65,0.8589988435834688,,33,no_shift
logistic,all_test,8773,188,0.021429385614954975,0.6131079233920674,0.9356392272518866,0.3682795698924731,0.7287234042553191,0.04240282685512368,0.425,0.6329787234042553,0.8500390184687419,0.012237874863715591,44,no_shift
logistic,pre_shift,1546,25,0.016170763260025874,0.6771764158321101,0.9821433267587113,0.3392857142857143,0.76,0.03622250970245795,0.36538461538461536,0.76,0.9017558905027692,0.008315269721336706,44,no_shift
logistic,post_shift,7227,163,0.022554310225543103,0.6038316278985072,0.9279123734619152,0.37341772151898733,0.7239263803680982,0.0437249204372492,0.43859649122807015,0.6134969325153374,0.8172347510873714,0.013076998642616623,44,no_shift
boosting,all_test,8773,188,0.021429385614954975,0.5921091388094312,0.9324440203719997,0.3506849315068493,0.6808510638297872,0.04160492419924769,0.3964285714285714,0.5904255319148937,0.7255141627251953,0.012507853687521818,44,no_shift
boosting,pre_shift,1546,25,0.016170763260025874,0.47128266377286454,0.9218145956607495,0.3,0.6,0.03234152652005175,0.2777777777777778,0.6,0.7788687784435885,0.011062485459938461,44,no_shift
boosting,post_shift,7227,163,0.022554310225543103,0.6121533447985187,0.9338936211604333,0.35873015873015873,0.6932515337423313,0.043586550435865505,0.4247787610619469,0.588957055214724,0.6916710664353646,0.012817046890765746,44,no_shift
boosting_static,all_test,8773,188,0.021429385614954975,0.5293664807451829,0.9289405692759514,0.33676092544987146,0.6968085106382979,0.04434059044796535,0.38571428571428573,0.574468085106383,0.6955454614108743,0.013726496732405091,44,no_shift
boosting_static,pre_shift,1546,25,0.016170763260025874,0.4661374935627234,0.9347797501643655,0.22535211267605634,0.64,0.04592496765847348,0.2727272727272727,0.6,0.7505143717817983,0.011459099030920067,44,no_shift
boosting_static,post_shift,7227,163,0.022554310225543103,0.5422876858973635,0.9280687005398495,0.36163522012578614,0.7055214723926381,0.044001660440016604,0.41333333333333333,0.5705521472392638,0.6606784100493003,0.014211538498905142,44,no_shift
boosting_no_network,all_test,8773,188,0.021429385614954975,0.5883398282784804,0.9448453512435098,0.37110481586402266,0.6968085106382979,0.04023709107488886,0.4107142857142857,0.6117021276595744,0.7017632432039337,0.012884849476137822,44,no_shift
boosting_no_network,pre_shift,1546,25,0.016170763260025874,0.5113877989006219,0.945180802103879,0.37209302325581395,0.64,0.0278137128072445,0.29411764705882354,0.6,0.7155911401937858,0.011178909852380353,44,no_shift
boosting_no_network,post_shift,7227,163,0.022554310225543103,0.6016320168744586,0.9449268389275268,0.3709677419354839,0.7055214723926381,0.042894700428947004,0.4366812227074236,0.6134969325153374,0.6929921398417912,0.013249784118220158,44,no_shift
isolation_forest,all_test,8773,188,0.021429385614954975,0.33014195507871075,0.9027868994659165,0.1965648854961832,0.5478723404255319,0.059728713097002166,0.275,0.4095744680851064,0.18103310835946218,,44,no_shift
isolation_forest,pre_shift,1546,25,0.016170763260025874,0.06505457021230306,0.8081525312294544,0.07547169811320754,0.16,0.03428201811125485,0.09615384615384616,0.2,0.1439952724639039,,44,no_shift
isolation_forest,post_shift,7227,163,0.022554310225543103,0.37194896898372537,0.9187246836982123,0.21019108280254778,0.6073619631901841,0.06517227065172271,0.3157894736842105,0.44171779141104295,0.2045263906126078,,44,no_shift
behaviour_rule,all_test,8773,188,0.021429385614954975,0.5524277919350368,0.946878523897446,0.4280821917808219,0.6648936170212766,0.033283939359398156,0.40714285714285714,0.6063829787234043,0.7817343219876763,,44,no_shift
behaviour_rule,pre_shift,1546,25,0.016170763260025874,0.5541915077017749,0.9629717291255754,0.3541666666666667,0.68,0.031047865459249677,0.28846153846153844,0.6,0.8291997420033654,,44,no_shift
behaviour_rule,post_shift,7227,163,0.022554310225543103,0.5590083222283739,0.944204260433964,0.4426229508196721,0.6625766871165644,0.0337622803376228,0.4342105263157895,0.6073619631901841,0.7516267716211491,,44,no_shift
logistic,all_test,8606,82,0.009528236114338834,0.5215864653550765,0.924591683739456,0.2159090909090909,0.6951219512195121,0.03067627236811527,0.20714285714285716,0.7073170731707317,0.775513455342309,0.007472875222267488,55,no_shift
logistic,pre_shift,1359,20,0.014716703458425313,0.7478945719678479,0.9564227035100821,0.3829787234042553,0.9,0.034584253127299486,0.3157894736842105,0.9,0.9627383113295828,0.007125219443886244,55,no_shift
logistic,post_shift,7247,62,0.008555264247274734,0.459487562271773,0.9136193234112286,0.17972350230414746,0.6290322580645161,0.02994342486546157,0.17937219730941703,0.6451612903225806,0.6996427200789488,0.007538069675533683,55,no_shift
boosting,all_test,8606,82,0.009528236114338834,0.38184502754521704,0.9087597715489121,0.2056451612903226,0.6219512195121951,0.028817104345805252,0.17857142857142858,0.6097560975609756,0.6992388798756718,0.007334560816697033,55,no_shift
boosting,pre_shift,1359,20,0.014716703458425313,0.6583783095055217,0.9724421209858103,0.35555555555555557,0.8,0.033112582781456956,0.2631578947368421,0.75,0.9627383113295828,0.008163392811776683,55,no_shift
boosting,post_shift,7247,62,0.008555264247274734,0.3101136362796454,0.8877589961164611,0.1724137931034483,0.5645161290322581,0.028011591003173728,0.15695067264573992,0.5645161290322581,0.5924587437635922,0.007179133373435927,55,no_shift
boosting_static,all_test,8606,82,0.009528236114338834,0.3629854101846106,0.9031021448764465,0.24870466321243523,0.5853658536585366,0.02242621426911457,0.17142857142857143,0.5853658536585366,0.6992388798756718,0.0072585690572555105,55,no_shift
boosting_static,pre_shift,1359,20,0.014716703458425313,0.5243611799706327,0.9286594473487677,0.37209302325581395,0.8,0.03164091243561442,0.2631578947368421,0.75,0.9627383113295828,0.009886258087078421,55,no_shift
boosting_static,post_shift,7247,62,0.008555264247274734,0.32715848412670967,0.8949121152939592,0.21333333333333335,0.5161290322580645,0.020698219953084036,0.14798206278026907,0.532258064516129,0.5924587437635922,0.00676580937855683,55,no_shift
boosting_no_network,all_test,8606,82,0.009528236114338834,0.4078048463981131,0.9161928729212209,0.24170616113744076,0.6219512195121951,0.024517778294213338,0.18214285714285713,0.6219512195121951,0.6992388798756718,0.006858574322096395,55,no_shift
boosting_no_network,pre_shift,1359,20,0.014716703458425313,0.6172735706672625,0.9651979088872292,0.38095238095238093,0.8,0.03090507726269316,0.25862068965517243,0.75,0.9627383113295828,0.008584243059570318,55,no_shift
boosting_no_network,post_shift,7247,62,0.008555264247274734,0.34823716878843475,0.9003827418232428,0.20710059171597633,0.5645161290322581,0.023319994480474678,0.16216216216216217,0.5806451612903226,0.5924587437635922,0.006534966785981169,55,no_shift
isolation_forest,all_test,8606,82,0.009528236114338834,0.3155500171422368,0.8970010071991851,0.11814345991561181,0.6829268292682927,0.055077852660934234,0.16071428571428573,0.5487804878048781,0.28378628813322365,,55,no_shift
isolation_forest,pre_shift,1359,20,0.014716703458425313,0.6471054326576965,0.9647124719940254,0.3404255319148936,0.8,0.034584253127299486,0.3148148148148148,0.85,0.8433768898609874,,55,no_shift
isolation_forest,post_shift,7247,62,0.008555264247274734,0.28102583292396477,0.8763687790423598,0.0936768149882904,0.6451612903225806,0.05892093279977922,0.12389380530973451,0.45161290322580644,0.05701858586596977,,55,no_shift
behaviour_rule,all_test,8606,82,0.009528236114338834,0.46980528717824993,0.9176514518547344,0.2413793103448276,0.6829268292682927,0.026957936323495236,0.19285714285714287,0.6585365853658537,0.7568902341883065,,55,no_shift
behaviour_rule,pre_shift,1359,20,0.014716703458425313,0.6736317972881684,0.9637042569081403,0.3333333333333333,0.9,0.039735099337748346,0.2857142857142857,0.8,0.9288025525102315,,55,no_shift
behaviour_rule,post_shift,7247,62,0.008555264247274734,0.41204983591944955,0.9030103037241566,0.21348314606741572,0.6129032258064516,0.02456188767765972,0.16964285714285715,0.6129032258064516,0.6872247299841006,,55,no_shift
