scenario,model,period,metric,n_seeds,mean,standard_error,ci95_low,ci95_high
full,behaviour_rule,all_test,average_precision,5,0.1493165427193199,0.017051292220272195,0.10197456589704795,0.19665851954159186
full,behaviour_rule,all_test,precision_at_daily_budget,5,0.14642857142857144,0.01396971943971996,0.10764241226917448,0.1852147305879684
full,behaviour_rule,all_test,recall_at_daily_budget,5,0.30539346800216366,0.02415034388660149,0.2383413639293655,0.3724455720749618
full,behaviour_rule,post_shift,average_precision,5,0.08547463365105025,0.0168052810672626,0.038815693290375854,0.13213357401172465
full,behaviour_rule,post_shift,precision_at_daily_budget,5,0.10750508349195395,0.0168893141315507,0.06061282994126209,0.1543973370426458
full,behaviour_rule,post_shift,recall_at_daily_budget,5,0.21436318472155347,0.018876799544238803,0.1619527870251517,0.26677358241795524
full,behaviour_rule,pre_shift,average_precision,5,0.5927086928956766,0.07479823125219526,0.38503550985806645,0.8003818759332868
full,behaviour_rule,pre_shift,precision_at_daily_budget,5,0.31141485143704906,0.0547500060720833,0.1594044650686639,0.4634252378054342
full,behaviour_rule,pre_shift,recall_at_daily_budget,5,0.7289028213166144,0.05544801498288998,0.5749544515244356,0.8828511911087933
full,boosting,all_test,average_precision,5,0.13379502954929604,0.029465919360985745,0.05198452196933427,0.21560553712925778
full,boosting,all_test,precision_at_daily_budget,5,0.1414285714285714,0.026259109206645426,0.0685215962049264,0.2143355466522164
full,boosting,all_test,recall_at_daily_budget,5,0.28430940257027215,0.03353276472458285,0.19120752208695485,0.37741128305358945
full,boosting,post_shift,average_precision,5,0.07452802514609555,0.0198135200294395,0.01951687444361981,0.12953917584857128
full,boosting,post_shift,precision_at_daily_budget,5,0.10606510628768917,0.027292688410708317,0.030288455142089526,0.18184175743328881
full,boosting,post_shift,recall_at_daily_budget,5,0.203506719347981,0.023913056329175522,0.1371134311525225,0.2699000075434395
full,boosting,pre_shift,average_precision,5,0.5251854626207914,0.09447970787677241,0.26286774014580916,0.7875031850957736
full,boosting,pre_shift,precision_at_daily_budget,5,0.2975567500588009,0.06003378108351824,0.13087625242295078,0.464237247694651
full,boosting,pre_shift,recall_at_daily_budget,5,0.6618495297805642,0.07111269202077063,0.4644090441020574,0.859290015459071
full,boosting_no_network,all_test,average_precision,5,0.1441321721697568,0.021966735427883865,0.08314273711383369,0.2051216072256799
full,boosting_no_network,all_test,precision_at_daily_budget,5,0.14785714285714285,0.022548134453806563,0.0852534853215299,0.2104608003927558
full,boosting_no_network,all_test,recall_at_daily_budget,5,0.30217745696006565,0.03265799569896734,0.2115043246560972,0.3928505892640341
full,boosting_no_network,post_shift,average_precision,5,0.08315507678435306,0.015929056055671752,0.03892892706816196,0.12738122650054418
full,boosting_no_network,post_shift,precision_at_daily_budget,5,0.11118458230073476,0.02213196005570141,0.04973641013564949,0.17263275446582002
full,boosting_no_network,post_shift,recall_at_daily_budget,5,0.21637800948605515,0.01573219223120712,0.17269844137168938,0.2600575776004209
full,boosting_no_network,pre_shift,average_precision,5,0.5836795079636593,0.07184033219229662,0.3842187692925739,0.7831402466347447
full,boosting_no_network,pre_shift,precision_at_daily_budget,5,0.30099727858348546,0.0647711541652468,0.12116372464337433,0.4808308325235966
full,boosting_no_network,pre_shift,recall_at_daily_budget,5,0.6781504702194358,0.0857760049176016,0.4399981012225389,0.9163028392163326
full,boosting_static,all_test,average_precision,5,0.1331344747186784,0.018263371329580693,0.08242722678625436,0.18384172265110243
full,boosting_static,all_test,precision_at_daily_budget,5,0.1442857142857143,0.016233311681947877,0.09921481552521996,0.18935661304620863
full,boosting_static,all_test,recall_at_daily_budget,5,0.29865144647753344,0.023363440264926164,0.23378413711339815,0.3635187558416687
full,boosting_static,post_shift,average_precision,5,0.08770017837727999,0.014584145925332172,0.047208097809401134,0.12819225894515884
full,boosting_static,post_shift,precision_at_daily_budget,5,0.10980271519539016,0.01771409919668733,0.06062049118775945,0.15898493920302087
full,boosting_static,post_shift,recall_at_daily_budget,5,0.2170026335302253,0.012422283519391432,0.18251284525743175,0.2514924218030189
full,boosting_static,pre_shift,average_precision,5,0.49765207564232233,0.05805080102170367,0.3364772132928021,0.6588269379918426
full,boosting_static,pre_shift,precision_at_daily_budget,5,0.2886257533316357,0.05272720082352625,0.1422315746943752,0.4350199319688962
full,boosting_static,pre_shift,recall_at_daily_budget,5,0.6687460815047022,0.051994534040141135,0.5243861119719122,0.8131060510374921
full,isolation_forest,all_test,average_precision,5,0.06131608368908785,0.010084319084414409,0.03331752532791277,0.08931464205026293
full,isolation_forest,all_test,precision_at_daily_budget,5,0.09642857142857142,0.01727626660349689,0.04846196558120037,0.14439517727594248
full,isolation_forest,all_test,recall_at_daily_budget,5,0.19690783951653518,0.02976014608084369,0.11428042760040542,0.27953525143266494
full,isolation_forest,post_shift,average_precision,5,0.044722286096812294,0.009167835394172257,0.01926829439140365,0.07017627780222094
full,isolation_forest,post_shift,precision_at_daily_budget,5,0.07014530053853639,0.021271432581399144,0.011086335667365874,0.12920426540970692
full,isolation_forest,post_shift,recall_at_daily_budget,5,0.13207709985367563,0.02307220520573719,0.06801838864408756,0.19613581106326372
full,isolation_forest,pre_shift,average_precision,5,0.2840049622291746,0.11750627094477742,-0.04224474856549837,0.6102546730238476
full,isolation_forest,pre_shift,precision_at_daily_budget,5,0.21189988332052706,0.06456288526179019,0.032644576557982946,0.3911551900830712
full,isolation_forest,pre_shift,recall_at_daily_budget,5,0.4827272727272727,0.12846768660678082,0.12604379307179198,0.8394107523827534
full,logistic,all_test,average_precision,5,0.16062737558423407,0.027976537396429458,0.08295205526953447,0.23830269589893366
full,logistic,all_test,precision_at_daily_budget,5,0.15071428571428572,0.022627191516367367,0.0878911305842945,0.21353744084427695
full,logistic,all_test,recall_at_daily_budget,5,0.30649879693357956,0.024896684887761842,0.23737451804130133,0.3756230758258578
full,logistic,post_shift,average_precision,5,0.08907305422104171,0.017038172802477682,0.04176750274208838,0.13637860569999505
full,logistic,post_shift,precision_at_daily_budget,5,0.11205965968345202,0.022026748122719507,0.050903602674702765,0.1732157166922013
full,logistic,post_shift,recall_at_daily_budget,5,0.21764136790635086,0.014512988967597734,0.17734685072547457,0.25793588508722715
full,logistic,pre_shift,average_precision,5,0.6268578787197272,0.09247488627061484,0.37010643337995597,0.8836093240594984
full,logistic,pre_shift,precision_at_daily_budget,5,0.3143549244813797,0.057746479980595164,0.1540249927968539,0.4746848561659055
full,logistic,pre_shift,recall_at_daily_budget,5,0.7351347962382445,0.08894360322249448,0.488187764432495,0.982081828043994
no_excitation,behaviour_rule,all_test,average_precision,5,0.14117172981573803,0.02049184063761854,0.0842772591809288,0.19806620045054724
no_excitation,behaviour_rule,all_test,precision_at_daily_budget,5,0.1157142857142857,0.015510036250434617,0.07265152148532616,0.15877704994324524
no_excitation,behaviour_rule,all_test,recall_at_daily_budget,5,0.33499187631160426,0.020580189848454975,0.27785210894282014,0.3921316436803884
no_excitation,behaviour_rule,post_shift,average_precision,5,0.06281211101458875,0.007375406608200003,0.042334699438408396,0.0832895225907691
no_excitation,behaviour_rule,post_shift,precision_at_daily_budget,5,0.08164958010344953,0.013761961496540135,0.04344024946846017,0.11985891073843888
no_excitation,behaviour_rule,post_shift,recall_at_daily_budget,5,0.23558633517208497,0.021519133160119813,0.17583964324157078,0.2953330271025991
no_excitation,behaviour_rule,pre_shift,average_precision,5,0.556730113101982,0.11241349036539708,0.24462022801877592,0.868839998185188
no_excitation,behaviour_rule,pre_shift,precision_at_daily_budget,5,0.254249594574672,0.055583727912453446,0.09992442528349466,0.40857476386584934
no_excitation,behaviour_rule,pre_shift,recall_at_daily_budget,5,0.720921052631579,0.1033892411233171,0.43386650018463085,1.0079756050785271
no_excitation,boosting,all_test,average_precision,5,0.1708754335481404,0.0350917890846314,0.07344500751148218,0.2683058595847986
no_excitation,boosting,all_test,precision_at_daily_budget,5,0.12357142857142858,0.012195265056402766,0.08971194459898943,0.15743091254386773
no_excitation,boosting,all_test,recall_at_daily_budget,5,0.36382040964794543,0.019704183656389457,0.3091128253832446,0.4185279939126463
no_excitation,boosting,post_shift,average_precision,5,0.08897679802961958,0.008560244498929184,0.06520974909127131,0.11274384696796785
no_excitation,boosting,post_shift,precision_at_daily_budget,5,0.09088374164225954,0.013037234890254627,0.05468657464589819,0.1270809086386209
no_excitation,boosting,post_shift,recall_at_daily_budget,5,0.27025083971231445,0.022812368711245444,0.20691355026600974,0.33358812915861913
no_excitation,boosting,pre_shift,average_precision,5,0.5457949629870325,0.11938539732313017,0.21432796095713397,0.8772619650169309
no_excitation,boosting,pre_shift,precision_at_daily_budget,5,0.2649108173858451,0.0607664185690156,0.09619619198950144,0.43362544278218873
no_excitation,boosting,pre_shift,recall_at_daily_budget,5,0.713311403508772,0.09220644765790045,0.4573052632413177,0.9693175437762263
no_excitation,boosting_no_network,all_test,average_precision,5,0.17586151259502064,0.03281750051413303,0.08474552392772992,0.26697750126231135
no_excitation,boosting_no_network,all_test,precision_at_daily_budget,5,0.13357142857142856,0.014312474935367055,0.0938336275938626,0.17330922954899453
no_excitation,boosting_no_network,all_test,recall_at_daily_budget,5,0.392329245232777,0.025128637806712713,0.32256096179404126,0.46209752867151277
no_excitation,boosting_no_network,post_shift,average_precision,5,0.0928188708373316,0.010378929756001786,0.06400234211908871,0.1216353995555745
no_excitation,boosting_no_network,post_shift,precision_at_daily_budget,5,0.10214697729171414,0.01452737960887455,0.06181250528530416,0.14248144929812412
no_excitation,boosting_no_network,post_shift,recall_at_daily_budget,5,0.302091338039971,0.012651317973838255,0.2669656481772069,0.3372170279027351
no_excitation,boosting_no_network,pre_shift,average_precision,5,0.5695207866826271,0.10263570778347822,0.2845583781886779,0.8544831951765762
no_excitation,boosting_no_network,pre_shift,precision_at_daily_budget,5,0.2720550877693735,0.0618055833074746,0.10045527852144118,0.44365489701730576
no_excitation,boosting_no_network,pre_shift,recall_at_daily_budget,5,0.7242543859649123,0.09308908566590329,0.46579764972047705,0.9827111222093476
no_excitation,boosting_static,all_test,average_precision,5,0.15247525127849232,0.033009902761261034,0.060825068333934,0.24412543422305064
no_excitation,boosting_static,all_test,precision_at_daily_budget,5,0.11499999999999999,0.014078859531733587,0.07591081936635097,0.15408918063364901
no_excitation,boosting_static,all_test,recall_at_daily_budget,5,0.3349291420004602,0.01927090642533834,0.28142452818310487,0.38843375581781553
no_excitation,boosting_static,post_shift,average_precision,5,0.08659144564520775,0.01298351893870705,0.05054341803959171,0.12263947325082379
no_excitation,boosting_static,post_shift,precision_at_daily_budget,5,0.0898910961324015,0.01610088378889437,0.04518787614736722,0.13459431611743577
no_excitation,boosting_static,post_shift,recall_at_daily_budget,5,0.25967329703038067,0.02159174358670201,0.19972500623639602,0.31962158782436534
no_excitation,boosting_static,pre_shift,average_precision,5,0.4544726402600382,0.10321925497055087,0.16789004503488925,0.7410552354851871
no_excitation,boosting_static,pre_shift,precision_at_daily_budget,5,0.22399440182459052,0.04544277452845393,0.09782503291845762,0.3501637707307234
no_excitation,boosting_static,pre_shift,recall_at_daily_budget,5,0.6190350877192983,0.07675182953136167,0.4059378463019737,0.8321323291366228
no_excitation,isolation_forest,all_test,average_precision,5,0.10243925949439384,0.02381519702194588,0.03631767229349113,0.16856084669529653
no_excitation,isolation_forest,all_test,precision_at_daily_budget,5,0.09857142857142857,0.02177107236304024,0.03812524127415855,0.15901761586869861
no_excitation,isolation_forest,all_test,recall_at_daily_budget,5,0.2752599103086099,0.03946037962649593,0.16570033244537857,0.38481948817184125
no_excitation,isolation_forest,post_shift,average_precision,5,0.06298314421134982,0.024790874769282375,-0.00584735869539571,0.13181364711809535
no_excitation,isolation_forest,post_shift,precision_at_daily_budget,5,0.07354373603172729,0.02348001258320419,0.008352770025107412,0.13873470203834715
no_excitation,isolation_forest,post_shift,recall_at_daily_budget,5,0.19650743407992785,0.025369894761530856,0.12606931394989235,0.26694555420996335
no_excitation,isolation_forest,pre_shift,average_precision,5,0.3235391753037034,0.09780258745336473,0.05199566009312978,0.595082690514277
no_excitation,isolation_forest,pre_shift,precision_at_daily_budget,5,0.19595018571692,0.05017848877580583,0.05663236616911149,0.3352680052647285
no_excitation,isolation_forest,pre_shift,recall_at_daily_budget,5,0.5338157894736841,0.10691742872467963,0.2369654178307134,0.8306661611166548
no_excitation,logistic,all_test,average_precision,5,0.17472797307928106,0.03282951196388647,0.08357863528111607,0.26587731087744604
no_excitation,logistic,all_test,precision_at_daily_budget,5,0.12285714285714286,0.016350747346085142,0.07746019042177896,0.16825409529250676
no_excitation,logistic,all_test,recall_at_daily_budget,5,0.35969900850949776,0.0393414381686515,0.25046966507470364,0.4689283519442919
no_excitation,logistic,post_shift,average_precision,5,0.08221077837798665,0.009550316675311981,0.055694848391727836,0.10872670836424547
no_excitation,logistic,post_shift,precision_at_daily_budget,5,0.08394891493349438,0.012358379269392497,0.0496365533028117,0.11826127656417706
no_excitation,logistic,post_shift,recall_at_daily_budget,5,0.2482409354737441,0.0234303950765084,0.18318772975072187,0.31329414119676635
no_excitation,logistic,pre_shift,average_precision,5,0.6439399661882146,0.1103490849883906,0.33756178930914216,0.950318143067287
no_excitation,logistic,pre_shift,precision_at_daily_budget,5,0.2872578644276757,0.061514555027607845,0.1164660792228536,0.45804964963249784
no_excitation,logistic,pre_shift,recall_at_daily_budget,5,0.7984210526315789,0.084929496587356,0.5626189675447016,1.034223137718456
no_memory,behaviour_rule,all_test,average_precision,5,0.1493165427193199,0.017051292220272195,0.10197456589704795,0.19665851954159186
no_memory,behaviour_rule,all_test,precision_at_daily_budget,5,0.14642857142857144,0.01396971943971996,0.10764241226917448,0.1852147305879684
no_memory,behaviour_rule,all_test,recall_at_daily_budget,5,0.30539346800216366,0.02415034388660149,0.2383413639293655,0.3724455720749618
no_memory,behaviour_rule,post_shift,average_precision,5,0.08547463365105025,0.0168052810672626,0.038815693290375854,0.13213357401172465
no_memory,behaviour_rule,post_shift,precision_at_daily_budget,5,0.10750508349195395,0.0168893141315507,0.06061282994126209,0.1543973370426458
no_memory,behaviour_rule,post_shift,recall_at_daily_budget,5,0.21436318472155347,0.018876799544238803,0.1619527870251517,0.26677358241795524
no_memory,behaviour_rule,pre_shift,average_precision,5,0.5927086928956766,0.07479823125219526,0.38503550985806645,0.8003818759332868
no_memory,behaviour_rule,pre_shift,precision_at_daily_budget,5,0.31141485143704906,0.0547500060720833,0.1594044650686639,0.4634252378054342
no_memory,behaviour_rule,pre_shift,recall_at_daily_budget,5,0.7289028213166144,0.05544801498288998,0.5749544515244356,0.8828511911087933
no_memory,boosting,all_test,average_precision,5,0.14754298298888285,0.014179682438208963,0.10817387309005846,0.18691209288770724
no_memory,boosting,all_test,precision_at_daily_budget,5,0.1435714285714286,0.01957455658006389,0.08922374676829295,0.19791911037456425
no_memory,boosting,all_test,recall_at_daily_budget,5,0.29543543543543543,0.029595897936864367,0.2132640494746949,0.37760682139617596
no_memory,boosting,post_shift,average_precision,5,0.08624192912414862,0.013215606640460509,0.049549522755022585,0.12293433549327465
no_memory,boosting,post_shift,precision_at_daily_budget,5,0.10727529996272897,0.020210705638831365,0.05116138521920218,0.16338921470625575
no_memory,boosting,post_shift,recall_at_daily_budget,5,0.21044836907541647,0.013263715089162203,0.17362239223937398,0.24727434591145897
no_memory,boosting,pre_shift,average_precision,5,0.5481604286573877,0.10375722721141466,0.26008418303736014,0.8362366742774152
no_memory,boosting,pre_shift,precision_at_daily_budget,5,0.30097923954808736,0.06910615975325345,0.1091097805621501,0.49284869853402463
no_memory,boosting,pre_shift,recall_at_daily_budget,5,0.6581755485893417,0.10315519250253216,0.37177081928995015,0.9445802778887332
no_memory,boosting_no_network,all_test,average_precision,5,0.14834674611076396,0.020639142991725888,0.09104329857590927,0.20565019364561865
no_memory,boosting_no_network,all_test,precision_at_daily_budget,5,0.155,0.02638026473231341,0.08175664311014647,0.22824335688985353
no_memory,boosting_no_network,all_test,recall_at_daily_budget,5,0.3138596982075243,0.03554431073937553,0.21517287063755575,0.41254652577749285
no_memory,boosting_no_network,post_shift,average_precision,5,0.08694709423590943,0.018608150084134037,0.03528258701802958,0.13861160145378928
no_memory,boosting_no_network,post_shift,precision_at_daily_budget,5,0.11855870169785945,0.02665393419482246,0.04455551656838054,0.19256188682733838
no_memory,boosting_no_network,post_shift,recall_at_daily_budget,5,0.2271559004526474,0.021218461131277937,0.16824400790488114,0.2860677930004137
no_memory,boosting_no_network,pre_shift,average_precision,5,0.5901928444608254,0.06431641849449549,0.4116218391479306,0.7687638497737203
no_memory,boosting_no_network,pre_shift,precision_at_daily_budget,5,0.30592759772501577,0.06821762755283164,0.11652509961775023,0.49533009583228127
no_memory,boosting_no_network,pre_shift,recall_at_daily_budget,5,0.6899435736677116,0.08183785684476381,0.4627252566111894,0.9171618907242338
no_memory,boosting_static,all_test,average_precision,5,0.13565703219933983,0.014048068539449053,0.09665334106550338,0.17466072333317628
no_memory,boosting_static,all_test,precision_at_daily_budget,5,0.15,0.018728729431609848,0.09800071084303298,0.20199928915696702
no_memory,boosting_static,all_test,recall_at_daily_budget,5,0.30863074254378603,0.023897670747423657,0.24228017157147314,0.3749813135160989
no_memory,boosting_static,post_shift,average_precision,5,0.09080431517806525,0.014764057427982893,0.049812720199283025,0.1317959101568475
no_memory,boosting_static,post_shift,precision_at_daily_budget,5,0.11715896849509813,0.020331083010215183,0.06071083258801617,0.17360710440218008
no_memory,boosting_static,post_shift,recall_at_daily_budget,5,0.22901371648800178,0.012597810802270201,0.1940365863498308,0.2639908466261728
no_memory,boosting_static,pre_shift,average_precision,5,0.5198251751098786,0.05281644973548928,0.3731832017678541,0.6664671484519031
no_memory,boosting_static,pre_shift,precision_at_daily_budget,5,0.28476393701076097,0.0518100526866074,0.14091616982899008,0.42861170419253186
no_memory,boosting_static,pre_shift,recall_at_daily_budget,5,0.6687460815047022,0.051994534040141135,0.5243861119719122,0.8131060510374921
no_memory,isolation_forest,all_test,average_precision,5,0.0787068163267701,0.016695075786595816,0.03235385487816994,0.12505977777537025
no_memory,isolation_forest,all_test,precision_at_daily_budget,5,0.095,0.022349268353088595,0.03294848327631522,0.15705151672368478
no_memory,isolation_forest,all_test,recall_at_daily_budget,5,0.19083244735418647,0.03957964628503376,0.08094173216064447,0.30072316254772846
no_memory,isolation_forest,post_shift,average_precision,5,0.05276987903677001,0.011782510134245737,0.020056386447600036,0.08548337162593998
no_memory,isolation_forest,post_shift,precision_at_daily_budget,5,0.0741663061790768,0.023484522592496455,0.008962818379233017,0.13936979397892058
no_memory,isolation_forest,post_shift,recall_at_daily_budget,5,0.13775235845313208,0.02739895624029203,0.06168066051224473,0.2138240563940194
no_memory,isolation_forest,pre_shift,average_precision,5,0.29250553686635417,0.12269557988277971,-0.04815200532859443,0.6331630790613028
no_memory,isolation_forest,pre_shift,precision_at_daily_budget,5,0.18217017783055517,0.06669095650042202,-0.0029936019060005092,0.36733395756711085
no_memory,isolation_forest,pre_shift,recall_at_daily_budget,5,0.38689655172413795,0.14181765519360964,-0.006852382868787976,0.7806454863170639
no_memory,logistic,all_test,average_precision,5,0.15833849856971274,0.032546067827707865,0.06797612785603786,0.24870086928338764
no_memory,logistic,all_test,precision_at_daily_budget,5,0.15928571428571428,0.029202844423942324,0.07820561982700694,0.24036580874442162
no_memory,logistic,all_test,recall_at_daily_budget,5,0.31888907541081457,0.031656898902605195,0.23099543340693499,0.4067827174146942
no_memory,logistic,post_shift,average_precision,5,0.10322960988846172,0.018591315465460192,0.051611843065196734,0.15484737671172671
no_memory,logistic,post_shift,precision_at_daily_budget,5,0.12498579966186256,0.029349915143944572,0.043497371422487066,0.20647422790123804
no_memory,logistic,post_shift,recall_at_daily_budget,5,0.23876164671882488,0.019049876560844926,0.1858707101868448,0.29165258325080495
no_memory,logistic,pre_shift,average_precision,5,0.5560629047060553,0.09130198121097867,0.30256796587797274,0.809557843534138
no_memory,logistic,pre_shift,precision_at_daily_budget,5,0.30891779429515276,0.06473918655046915,0.12917299668261586,0.4886625919076897
no_memory,logistic,pre_shift,recall_at_daily_budget,5,0.6997993730407523,0.07099671239473794,0.5026808984272467,0.896917847654258
no_shift,behaviour_rule,all_test,average_precision,5,0.5217902848597247,0.024316193790138427,0.45427770763405384,0.5893028620853955
no_shift,behaviour_rule,all_test,precision_at_daily_budget,5,0.2671428571428571,0.038488667826003124,0.16028118375176698,0.3740045305339473
no_shift,behaviour_rule,all_test,recall_at_daily_budget,5,0.671446418471112,0.023040361008556467,0.6074761209269153,0.7354167160153087
no_shift,behaviour_rule,post_shift,average_precision,5,0.5014278198904659,0.03385275615012587,0.40743750077999447,0.5954181390009374
no_shift,behaviour_rule,post_shift,precision_at_daily_budget,5,0.2570538625324373,0.04866294124789571,0.12194387750018942,0.39216384756468514
no_shift,behaviour_rule,post_shift,recall_at_daily_budget,5,0.65088230609201,0.025924524110730544,0.57890428802019,0.7228603241638301
no_shift,behaviour_rule,pre_shift,average_precision,5,0.5927086928956766,0.07479823125219526,0.38503550985806645,0.8003818759332868
no_shift,behaviour_rule,pre_shift,precision_at_daily_budget,5,0.3074277574277574,0.05346353148079575,0.1589891971413139,0.45586631771420094
no_shift,behaviour_rule,pre_shift,recall_at_daily_budget,5,0.7289028213166144,0.05544801498288998,0.5749544515244356,0.8828511911087933
no_shift,boosting,all_test,average_precision,5,0.434959708558498,0.06359002606009577,0.258405491964545,0.6115139251524511
no_shift,boosting,all_test,precision_at_daily_budget,5,0.24642857142857144,0.04212166537398006,0.12948007977820514,0.36337706307893775
no_shift,boosting,all_test,recall_at_daily_budget,5,0.6123228946040709,0.03496592571876431,0.5152419212934981,0.7094038679146436
no_shift,boosting,post_shift,average_precision,5,0.40646470981192967,0.07705325234485302,0.1925305844994921,0.6203988351243672
no_shift,boosting,post_shift,precision_at_daily_budget,5,0.23493677333903187,0.05166517391052752,0.09149125412595499,0.37838229255210876
no_shift,boosting,post_shift,recall_at_daily_budget,5,0.5892079934115334,0.04096819863180411,0.47546203885148997,0.7029539479715768
no_shift,boosting,pre_shift,average_precision,5,0.5251854626207914,0.09447970787677241,0.26286774014580916,0.7875031850957736
no_shift,boosting,pre_shift,precision_at_daily_budget,5,0.2924746066698055,0.05929417353327955,0.12784758879658295,0.45710162454302805
no_shift,boosting,pre_shift,recall_at_daily_budget,5,0.6687460815047022,0.07690185500819736,0.45523230258656217,0.8822598604228422
no_shift,boosting_no_network,all_test,average_precision,5,0.48890083907927656,0.046461145092027666,0.35990402020663187,0.6178976579519213
no_shift,boosting_no_network,all_test,precision_at_daily_budget,5,0.2578571428571429,0.04269911340665384,0.13930539844295337,0.3764088872713324
no_shift,boosting_no_network,all_test,recall_at_daily_budget,5,0.6418212338622761,0.03192102949268834,0.5531942477744272,0.730448219950125
no_shift,boosting_no_network,post_shift,average_precision,5,0.4546300351261111,0.06123010636334464,0.28462800602286265,0.6246320642293596
no_shift,boosting_no_network,post_shift,precision_at_daily_budget,5,0.2463928372405701,0.05134035622720374,0.10384915649443921,0.388936517986701
no_shift,boosting_no_network,post_shift,recall_at_daily_budget,5,0.6186425883313992,0.031154649964989168,0.5321434129319544,0.7051417637308439
no_shift,boosting_no_network,pre_shift,average_precision,5,0.5836795079636593,0.07184033219229662,0.3842187692925739,0.7831402466347447
no_shift,boosting_no_network,pre_shift,precision_at_daily_budget,5,0.3019750995597051,0.06619649816903823,0.11818415623704417,0.485766042882366
no_shift,boosting_no_network,pre_shift,recall_at_daily_budget,5,0.6781504702194358,0.0857760049176016,0.4399981012225389,0.9163028392163326
no_shift,boosting_static,all_test,average_precision,5,0.4222569309191645,0.03689369903052006,0.31982360083323647,0.5246902610050925
no_shift,boosting_static,all_test,precision_at_daily_budget,5,0.23928571428571427,0.040939228231163145,0.12562019445272604,0.3529512341187025
no_shift,boosting_static,all_test,recall_at_daily_budget,5,0.5933013741588575,0.025753725965068676,0.5217975677625373,0.6648051805551778
no_shift,boosting_static,post_shift,average_precision,5,0.40665480959176276,0.04112690681462242,0.29246821047437854,0.520841408709147
no_shift,boosting_static,post_shift,precision_at_daily_budget,5,0.2278889332326616,0.05054013041774571,0.08756703551825343,0.36821083094706974
no_shift,boosting_static,post_shift,recall_at_daily_budget,5,0.564429638169894,0.033143607791235666,0.4724082305493223,0.6564510457904658
no_shift,boosting_static,pre_shift,average_precision,5,0.49765207564232233,0.05805080102170367,0.3364772132928021,0.6588269379918426
no_shift,boosting_static,pre_shift,precision_at_daily_budget,5,0.28419801732495226,0.0519558222025015,0.13994552908429012,0.42845050556561437
no_shift,boosting_static,pre_shift,recall_at_daily_budget,5,0.6687460815047022,0.051994534040141135,0.5243861119719122,0.8131060510374921
no_shift,isolation_forest,all_test,average_precision,5,0.26182735881274233,0.028930100922849523,0.1815045217126186,0.34215019591286605
no_shift,isolation_forest,all_test,precision_at_daily_budget,5,0.18,0.025842932164465062,0.10824851748801236,0.25175148251198765
no_shift,isolation_forest,all_test,recall_at_daily_budget,5,0.4572295653696208,0.0377049629532438,0.3525438055364229,0.5619153252028186
no_shift,isolation_forest,post_shift,average_precision,5,0.26626736943870744,0.03329803337591335,0.1738172076594401,0.3587175312179748
no_shift,isolation_forest,post_shift,precision_at_daily_budget,5,0.17308372310925585,0.03728682211474256,0.06955890836039803,0.2766085378581137
no_shift,isolation_forest,post_shift,recall_at_daily_budget,5,0.43701689386349063,0.022317387783490315,0.3750538917912179,0.49897989593576336
no_shift,isolation_forest,pre_shift,average_precision,5,0.2840049622291746,0.11750627094477742,-0.04224474856549837,0.6102546730238476
no_shift,isolation_forest,pre_shift,precision_at_daily_budget,5,0.20790590385484947,0.06305825699416753,0.0328281148810885,0.38298369282861044
no_shift,isolation_forest,pre_shift,recall_at_daily_budget,5,0.4827272727272727,0.12846768660678082,0.12604379307179198,0.8394107523827534
no_shift,logistic,all_test,average_precision,5,0.5079551586612548,0.046106147848878974,0.37994397014670905,0.6359663471758006
no_shift,logistic,all_test,precision_at_daily_budget,5,0.26357142857142857,0.04170168596405782,0.1477889866980247,0.37935387044483243
no_shift,logistic,all_test,recall_at_daily_budget,5,0.6598397732563918,0.0256356976589519,0.5886636659728642,0.7310158805399193
no_shift,logistic,post_shift,average_precision,5,0.47715911345799417,0.04549893235939457,0.3508338254170276,0.6034844014989607
no_shift,logistic,post_shift,precision_at_daily_budget,5,0.2510510447682528,0.04917910809787806,0.1145079508119061,0.38759413872459947
no_shift,logistic,post_shift,recall_at_daily_budget,5,0.635947672442148,0.019452072282368067,0.5819400615678135,0.6899552833164825
no_shift,logistic,pre_shift,average_precision,5,0.6268578787197272,0.09247488627061484,0.37010643337995597,0.8836093240594984
no_shift,logistic,pre_shift,precision_at_daily_budget,5,0.31228460136354874,0.05815123552054647,0.15083088814132345,0.47373831458577403
no_shift,logistic,pre_shift,recall_at_daily_budget,5,0.7351347962382445,0.08894360322249448,0.488187764432495,0.982081828043994
